:020000040800F2
:1000000000500020291800082D1600083516000899
:100010003D160008451600084D16000800000000B7
:10002000000000000000000000000000551600085D
:1000300061160008000000006D160008791600081F
:10004000711800087118000871180008711800086C
:10005000711800087118000871180008711800085C
:10006000711800087118000871180008711800084C
:10007000711800087118000871180008711800083C
:10008000711800087118000871180008711800082C
:10009000711800087118000871180008711800081C
:1000A000711800087118000871180008711800080C
:1000B00071180008711800087118000871180008FC
:1000C00071180008711800087118000871180008EC
:1000D00071180008711800088516000871180008CA
:1000E000711800087118000871180008000000005D
:1000F0000000000000000000000000000000000000
:0C01000000000000000000005FF808F1A3
:1001100010B5054C237833B9044B13B10448AFF341
:1001200000800123237010BDD401002000000000D6
:100130003C8C000808B5034B1BB103490348AFF3DF
:10014000008008BD00000000D80100203C8C0008A1
:10015000034613F8012B002AFBD1181A0138704707
:1001600081F0004102E000BF83F0004330B54FEA68
:1001700041044FEA430594EA050F08BF90EA020FD5
:100180001FBF54EA000C55EA020C7FEA645C7FEA68
:10019000655C00F0E2804FEA5454D4EB5555B8BF8B
:1001A0006D420CDD2C4480EA020281EA030382EAFC
:1001B000000083EA010180EA020281EA0303362D8E
:1001C00088BF30BD11F0004F4FEA01314FF4801C61
:1001D0004CEA113102D0404261EB410113F0004F73
:1001E0004FEA03334CEA133302D0524263EB43032A
:1001F00094EA050F00F0A780A4F10104D5F1200EC8
:100200000DDB02FA0EFC22FA05F2801841F1000122
:1002100003FA0EF2801843FA05F359410EE0A5F1F6
:1002200020050EF1200E012A03FA0EFC28BF4CF027
:10023000020C43FA05F3C01851EBE37101F00045DD
:1002400007D54FF0000EDCF1000C7EEB00006EEBEA
:100250000101B1F5801F1BD3B1F5001F0CD3490874
:100260005FEA30004FEA3C0C04F101044FEA4452CB
:1002700012F5800F80F09A80BCF1004F08BF5FEA52
:10028000500C50F1000041EB045141EA050130BD32
:100290005FEA4C0C404141EB0101013C28BFB1F544
:1002A000801FE9D291F0000F04BF01460020B1FA8F
:1002B00081F308BF2033A3F10B03B3F120020CDA62
:1002C0000C3208DD02F1140CC2F10C0201FA0CF040
:1002D00021FA02F10CE002F11402D8BFC2F1200CA5
:1002E00001FA02F120FA0CFCDCBF41EA0C0190405B
:1002F000E41AA2BF01EB0451294330BD6FEA0404A4
:100300001F3C1CDA0C340EDC04F11404C4F120028E
:1003100020FA04F001FA02F340EA030021FA04F3A0
:1003200045EA030130BDC4F10C04C4F1200220FAF7
:1003300002F001FA04F340EA0300294630BD21FA35
:1003400004F0294630BD94F0000F83F4801306BFFB
:1003500081F480110134013D4EE77FEA645C18BFEF
:100360007FEA655C29D094EA050F08BF90EA020F86
:1003700005D054EA000C04BF1946104630BD91EA7E
:10038000030F1EBF0021002030BD5FEA545C05D181
:100390004000494128BF41F0004130BD14F58004C0
:1003A0003CBF01F5801130BD01F0004545F0FE4134
:1003B00041F470014FF0000030BD7FEA645C1ABF69
:1003C000194610467FEA655C1CBF0B46024650EAA0
:1003D000013406BF52EA033591EA030F41F40021CC
:1003E00030BD00BF90F0000F04BF0021704730B552
:1003F0004FF4806404F132044FF000054FF0000127
:1004000050E700BF90F0000F04BF0021704730B5E7
:100410004FF4806404F1320410F0004548BF4042BC
:100420004FF000013EE700BF42004FEAE2014FEA11
:1004300031014FEA02701FBF12F07F4393F07F4FEC
:1004400081F06051704732F07F4208BF704793F0EF
:100450007F4F04BF41F40021704730B54FF4607402
:1004600001F0004521F000411CE700BF50EA010205
:1004700008BF704730B54FF000050AE050EA0102AE
:1004800008BF704730B511F0004502D5404261EB1E
:1004900041014FF4806404F132045FEA915C3FF45F
:1004A000D8AE4FF003025FEADC0C18BF03325FEAFC
:1004B000DC0C18BF033202EBDC02C2F1200300FAAD
:1004C00003FC20FA02F001FA03FE40EA0E0021FAD2
:1004D00002F11444BDE600BF70B54FF0FF0C4CF4C0
:1004E000E06C1CEA11541DBF1CEA135594EA0C0F72
:1004F00095EA0C0F00F0DEF82C4481EA030621EAAD
:100500004C5123EA4C5350EA013518BF52EA0335E7
:1005100041F4801143F4801338D0A0FB02CE4FF099
:100520000005E1FB02E506F00042E0FB03E54FF0C9
:100530000006E1FB03569CF0000F18BF4EF0010EC1
:10054000A4F1FF04B6F5007F64F5407404D25FEABD
:100550004E0E6D4146EB060642EAC62141EA555170
:100560004FEAC52040EA5E504FEACE2EB4F1FD0CB2
:1005700088BFBCF5E06F1ED8BEF1004F08BF5FEA30
:10058000500E50F1000041EB045170BD06F00046E2
:1005900046EA010140EA020081EA0301B4EB5C048F
:1005A000C2BFD4EB0C0541EA045170BD41F4801187
:1005B0004FF0000E013C00F3AB8014F1360FDEBFAC
:1005C000002001F0004170BDC4F10004203C35DA88
:1005D0000C341BDC04F11404C4F1200500FA05F30B
:1005E00020FA04F001FA05F240EA020001F00042AC
:1005F00021F0004110EBD37021FA04F642EB060122
:100600005EEA430E08BF20EAD37070BDC4F10C044B
:10061000C4F1200500FA04F320FA05F001FA04F20F
:1006200040EA020001F0004110EBD37041F10001FB
:100630005EEA430E08BF20EAD37070BDC4F1200506
:1006400000FA05F24EEA020E20FA04F301FA05F26E
:1006500043EA020321FA04F001F0004121FA04F216
:1006600020EA020000EBD3705EEA430E08BF20EAE6
:10067000D37070BD94F0000F0FD101F00046400020
:1006800041EB010111F4801F08BF013CF7D041EAA2
:10069000060195F0000F18BF704703F000465200A6
:1006A00043EB030313F4801F08BF013DF7D043EA77
:1006B0000603704794EA0C0F0CEA135518BF95EA2D
:1006C0000C0F0CD050EA410618BF52EA4306D1D1B4
:1006D00081EA030101F000414FF0000070BD50EAD3
:1006E000410606BF1046194652EA430619D094EA5D
:1006F0000C0F02D150EA013613D195EA0C0F05D147
:1007000052EA03361CBF104619460AD181EA03019A
:1007100001F0004141F0FE4141F470014FF0000052
:1007200070BD41F0FE4141F4780170BD70B54FF0ED
:10073000FF0C4CF4E06C1CEA11541DBF1CEA13556D
:1007400094EA0C0F95EA0C0F00F0A7F8A4EB05044F
:1007500081EA030E52EA03354FEA013100F0888046
:100760004FEA03334FF0805545EA131343EA12630F
:100770004FEA022245EA111545EA10654FEA0026C4
:100780000EF000419D4208BF964244F1FD0404F57D
:10079000407402D25B084FEA3202B61A65EB0305D9
:1007A0005B084FEA32024FF480104FF4002CB6EB96
:1007B000020E75EB030E22BFB61A754640EA0C0016
:1007C0005B084FEA3202B6EB020E75EB030E22BF56
:1007D000B61A754640EA5C005B084FEA3202B6EB97
:1007E000020E75EB030E22BFB61A754640EA9C0056
:1007F0005B084FEA3202B6EB020E75EB030E22BF26
:10080000B61A754640EADC0055EA060E18D04FEAE3
:10081000051545EA16754FEA06164FEAC30343EA83
:1008200052734FEAC2025FEA1C1CC0D111F4801F50
:100830000BD141EA00014FF000004FF0004CB6E749
:1008400011F4801F04BF01430020B4F1FD0C88BFE8
:10085000BCF5E06F3FF6AFAEB5EB030C04BFB6EBF3
:10086000020C5FEA500C50F1000041EB045170BDE6
:100870000EF0004E4EEA113114EB5C04C2BFD4EB13
:100880000C0541EA045170BD41F480114FF0000E97
:10089000013C90E645EA060E8DE60CEA135594EA13
:1008A0000C0F08BF95EA0C0F3FF43BAF94EA0C0F16
:1008B0000AD150EA01347FF434AF95EA0C0F7FF48B
:1008C00025AF104619462CE795EA0C0F06D152EADF
:1008D00003353FF4FDAE1046194622E750EA4106C3
:1008E00018BF52EA43067FF4C5AE50EA41047FF4D4
:1008F0000DAF52EA43057FF4EBAE12E74FF0FF3C39
:1009000006E000BF4FF0010C02E000BF4FF0010C09
:100910004DF804CD4FEA410C7FEA6C5C4FEA430C82
:1009200018BF7FEA6C5C1BD001B050EA410C0CBFD1
:1009300052EA430C91EA030F02BF90EA020F002033
:10094000704710F1000F91EA030F58BF994208BF9A
:1009500090422CBFD8176FEAE37040F00100704757
:100960004FEA410C7FEA6C5C02D150EA013C07D1AE
:100970004FEA430C7FEA6C5CD6D152EA033CD3D0F9
:100980005DF8040B704700BF8446104662468C46F3
:100990001946634600E000BF01B5FFF7B7FF002826
:1009A00048BF10F1000F01BD4DF808EDFFF7F4FF4F
:1009B0000CBF012000205DF808FB00BF4DF808EDDA
:1009C000FFF7EAFF34BF012000205DF808FB00BFFD
:1009D0004DF808EDFFF7E0FF94BF012000205DF81F
:1009E00008FB00BF4DF808EDFFF7CEFF94BF0120D4
:1009F00000205DF808FB00BF4DF808EDFFF7C4FFCD
:100A000034BF012000205DF808FB00BF4FEA410C15
:100A10007FEA6C5C02D150EA013C0AD14FEA430CF8
:100A20007FEA6C5C02D152EA033C02D14FF0000035
:100A300070474FF0010070474FEA410212F5001273
:100A400015D211D56FF47873B3EB625212D94FEA15
:100A5000C12343F0004343EA505311F0004F23FAFF
:100A600002F018BF404270474FF00000704750EA54
:100A7000013005D111F0004008BF6FF00040704711
:100A80004FF00000704700BF4A0011D212F500126B
:100A900011D20DD56FF47873B3EB62520ED44FEAD6
:100AA000C12343F0004343EA505323FA02F0704756
:100AB0004FF00000704750EA013002D14FF0FF3094
:100AC00070474FF0000070474FEA4102B2F1E04337
:100AD00024BFB3F5001CDCF1FE5C0DD901F0004C25
:100AE0004FEAC0024CEA5070B2F1004F40EB830075
:100AF00008BF20F00100704711F0804F21D113F1A1
:100B00003872BCBF01F00040704741F480114FEAD9
:100B10005252C2F11802C2F1200C10FA0CF320FA62
:100B200002F018BF40F001004FEAC1234FEAD3237F
:100B300003FA0CFC40EA0C0023FA02F34FEA4303E9
:100B4000CCE77FEA625307D150EA01331EBF4FF072
:100B5000FE4040F44000704701F0004040F0FE408D
:100B600040F40000704700BF80F0004002E000BF8A
:100B700081F0004142001FBF5FEA410392EA030F88
:100B80007FEA226C7FEA236C6AD04FEA1262D2EBD2
:100B90001363C1BFD218414048404140B8BF5B42D7
:100BA000192B88BF704710F0004F40F4000020F070
:100BB0007F4018BF404211F0004F41F4000121F086
:100BC0007F4118BF494292EA030F3FD0A2F10102D0
:100BD00041FA03FC10EB0C00C3F1200301FA03F10E
:100BE00000F0004302D5494260EB4000B0F5000F31
:100BF00013D3B0F1807F06D340084FEA310102F1F0
:100C00000102FE2A51D2B1F1004F40EBC25008BFA1
:100C100020F0010040EA03007047490040EB00006B
:100C2000013A28BFB0F5000FEDD2B0FA80FCACF16C
:100C3000080CB2EB0C0200FA0CF0AABF00EBC25099
:100C400052421843BCBFD0401843704792F0000F87
:100C500081F4000106BF80F400000132013BB5E7DA
:100C60004FEA41037FEA226C18BF7FEA236C21D050
:100C700092EA030F04D092F0000F08BF08467047B5
:100C800090EA010F1CBF0020704712F07F4F04D183
:100C9000400028BF40F00040704712F100723CBF96
:100CA00000F50000704700F0004343F0FE4040F4C0
:100CB000000070477FEA226216BF08467FEA23637E
:100CC0000146420206BF5FEA412390EA010F40F469
:100CD000800070474FF0000304E000BF10F00043B5
:100CE00048BF40425FEA000C08BF704743F096439C
:100CF00001464FF000001CE050EA010208BF7047B7
:100D00004FF000030AE000BF50EA010208BF70473D
:100D100011F0004302D5404261EB41015FEA010C52
:100D200002BF84460146002043F0B64308BFA3F14A
:100D30008053A3F50003BCFA8CF2083AA3EBC2532C
:100D400010DB01FA02FC634400FA02FCC2F120024B
:100D5000BCF1004F20FA02F243EB020008BF20F082
:100D60000100704702F1200201FA02FCC2F12002E8
:100D700050EA4C0021FA02F243EB020008BF20EADD
:100D8000DC7070474FF0FF0C1CEAD0521EBF1CEA0B
:100D9000D15392EA0C0F93EA0C0F6FD01A4480EAF9
:100DA000010C400218BF5FEA41211ED04FF00063E2
:100DB00043EA501043EA5111A0FB01310CF000400E
:100DC000B1F5000F3EBF490041EAD3715B0040EA34
:100DD000010062F17F02FD2A1DD8B3F1004F40EB04
:100DE000C25008BF20F00100704790F0000F0CF0D7
:100DF000004C08BF49024CEA502040EA51207F3A9B
:100E0000C2BFD2F1FF0340EAC250704740F4000075
:100E10004FF00003013A5DDC12F1190FDCBF00F066
:100E200000407047C2F10002410021FA02F1C2F114
:100E3000200200FA02FC5FEA310040F1000053EAB0
:100E40004C0308BF20EADC70704792F0000F00F0FE
:100E5000004C02BF400010F4000F013AF9D040EA04
:100E60000C0093F0000F01F0004C02BF490011F498
:100E7000000F013BF9D041EA0C018FE70CEAD15396
:100E800092EA0C0F18BF93EA0C0F0AD030F0004C16
:100E900018BF31F0004CD8D180EA010000F00040CA
:100EA000704790F0000F17BF90F0004F084691F088
:100EB000000F91F0004F14D092EA0C0F01D14202C2
:100EC0000FD193EA0C0F03D14B0218BF084608D18B
:100ED00080EA010000F0004040F0FE4040F40000D5
:100EE000704740F0FE4040F4400070474FF0FF0C68
:100EF0001CEAD0521EBF1CEAD15392EA0C0F93EAAF
:100F00000C0F69D0A2EB030280EA010C49024FEA00
:100F1000402037D04FF0805343EA111143EA1013B9
:100F20000CF000408B4238BF5B0042F17D024FF471
:100F3000000C8B4224BF5B1A40EA0C00B3EB510F4C
:100F400024BFA3EB510340EA5C00B3EB910F24BF35
:100F5000A3EB910340EA9C00B3EBD10F24BFA3EBBA
:100F6000D10340EADC001B0118BF5FEA1C1CE0D182
:100F7000FD2A3FF650AF8B4240EBC25008BF20F035
:100F8000010070470CF0004C4CEA50207F32C2BF89
:100F9000D2F1FF0340EAC250704740F400004FF026
:100FA0000003013A37E792F0000F00F0004C02BF57
:100FB000400010F4000F013AF9D040EA0C0093F021
:100FC000000F01F0004C02BF490011F4000F013B7B
:100FD000F9D041EA0C0195E70CEAD15392EA0C0FE3
:100FE00008D142027FF47DAF93EA0C0F7FF470AF1B
:100FF000084676E793EA0C0F04D14B023FF44CAF5E
:1010000008466EE730F0004C18BF31F0004CCAD1F2
:1010100030F000427FF45CAF31F000437FF43CAF2E
:101020005FE700BF38B50022002304460D46FFF7F6
:10103000C5FC28B920462946BDE8384000F00AB86A
:10104000204605F1004100F005F8404261EB410106
:1010500038BD00BFD0B500220B4B06460F46FFF748
:101060003BFAFFF711FD0446FFF7BCF90022074BDE
:10107000FFF732FA02460B4630463946FFF774F85E
:10108000FFF702FD2146D0BD0000F03D0000F04119
:101090002DE9B04F98B00CAF00F0ECFB00F0AEF8CB
:1010A00000F04AF900F01EF900F0EEF84D4800F0AB
:1010B00077F94D494B4800F09CF90346002B40F06E
:1010C0008D80494BB3F900301846FFF707FE034601
:1010D0004FF08D411846FFF709FF0346FB62424B74
:1010E000B3F902301846FFF7F9FD03464FF08D4182
:1010F0001846FFF7FBFE0346BB623B4BB3F90430D7
:101100001846FFF7EBFD03464FF08D411846FFF7F9
:10111000EDFE03467B62344BB3F906301846FFF709
:10112000DDFD034631491846FFF7E0FE03463B620A
:101130002D4BB3F908301846FFF7D0FD03462B4975
:101140001846FFF7D3FE0346FB61274BB3F90A307D
:101150001846FFF7C3FD034624491846FFF7C6FEAD
:101160000346BB61F86AFFF75FF904460D46B86AAB
:10117000FFF75AF980468946786AFFF755F98246A3
:101180008B46386AFFF750F9C7E90201F869FFF7A3
:101190004BF9C7E90001B869FFF746F902460B466B
:1011A000CDE90A23D7E90023CDE90823D7E90223B3
:1011B000CDE90623CDE904ABCDE90289CDE90045AF
:1011C0000B4A80210B4804F0D1F878617B699AB210
:1011D0004FF0FF330749084802F0DCFBC82000F05D
:1011E000ABFB66E77C020020F00100200000034317
:1011F000588C0008FC010020D002002080B590B07F
:1012000000AF07F1180328220021184604F049F91D
:101210003B1D00221A605A609A60DA601A6101234D
:10122000BB614FF48033FB6100233B620123BB624F
:1012300002237B634FF48033BB634FF4E013FB6303
:1012400007F11803184601F045FF0346002B01D0B3
:1012500000F0A0F80F237B600223BB600023FB603B
:101260004FF480633B6100237B613B1D02211846E4
:1012700002F0B2F90346002B01D000F08BF800BF5A
:101280004037BD4680BD000080B500AF124B134A09
:101290001A60114B124A5A600F4B00229A600E4B93
:1012A0000022DA600C4B4FF480421A610A4B002294
:1012B0005A61094B00229A61074B0022DA61064B02
:1012C00000221A62044800F09FFE0346002B01D062
:1012D00000F060F800BF80BD7C0200200054004098
:1012E000A086010080B500AF114B124A1A60104B66
:1012F0004FF416525A600E4B00229A600C4B00229B
:10130000DA600B4B00221A61094B0C225A61084B20
:1013100000229A61064B0022DA61054802F0EAFADF
:101320000346002B01D000F035F800BF80BD00BFA0
:10133000D00200200044004080B485B000AF144BC0
:101340009B69134A43F020039361114B9B6903F09F
:101350002003FB60FB680E4B9B690D4A43F00403BE
:1013600093610B4B9B6903F00403BB60BB68084BA4
:101370009B69074A43F008039361054B9B6903F09F
:1013800008037B607B6800BF1437BD4680BC704794
:101390000010024080B400AF72B600BF00BFFDE78E
:1013A00080B588B004AF78604FF47A73029301235C
:1013B000019307F10F03009301237522D021786870
:1013C00001F060F8FB7B682B0FD10023BB734FF457
:1013D0007A7302930123019307F10E030093012313
:1013E0006B22D021786800F053FF00BF1037BD4654
:1013F00080BD80B58AB004AF786039604FF47A73ED
:1014000002930E23019307F10803009301233B226B
:10141000D021786801F036F80346FB75FB7D002B80
:1014200001D0FB7D3CE03B7A1BB21B021AB27B7AF7
:101430001BB213431AB23B681A80BB7A1BB21B0261
:101440001AB2FB7A1BB213431AB23B685A803B7B39
:101450001BB21B021AB27B7B1BB213431AB23B684E
:101460009A803B7C1BB21B021AB27B7C1BB21343DB
:101470001AB23B68DA80BB7C1BB21B021AB2FB7C3F
:101480001BB213431AB23B681A813B7D1BB21B028D
:101490001AB27B7D1BB213431AB23B685A810023F8
:1014A00018461837BD4680BD80B485B000AF154BD7
:1014B0009B69144A43F001039361124B9B6903F04B
:1014C0000103BB60BB680F4BDB690E4A43F08053DE
:1014D000D3610C4BDB6903F080537B607B680A4B64
:1014E0005B68FB60FB6823F0E063FB60FB6843F034
:1014F0008063FB60044AFB68536000BF1437BD463D
:1015000080BC7047001002400000014080B588B0E8
:1015100000AF786007F1100300221A605A609A60E9
:10152000DA607B681B68154A934223D1144B9B6990
:10153000134A43F008039361114B9B6903F00803BE
:10154000FB60FB68C0233B6112237B610323FB61CB
:1015500007F1100319460B4800F0D2FB084BDB697A
:10156000074A43F40013D361054BDB6903F400130E
:10157000BB60BB6800BF2037BD4680BD0054004043
:1015800000100240000C014080B588B000AF7860C8
:1015900007F1100300221A605A609A60DA607B68D3
:1015A0001B681F4A934237D11E4BDB691D4A43F427
:1015B0000033D3611B4BDB6903F40033FB60FB6832
:1015C000184B9B69174A43F004039361154B9B69C1
:1015D00003F00403BB60BB6804233B6102237B610F
:1015E0000323FB6107F1100319460F4800F088FB45
:1015F00008233B6100237B610023BB6107F11003DB
:101600001946094800F07CFB00220021262000F04A
:101610008EFA262000F0A7FA00BF2037BD4680BD15
:1016200000440040001002400008014080B400AFB8
:1016300000BFFDE780B400AF00BFFDE780B400AF9E
:1016400000BFFDE780B400AF00BFFDE780B400AF8E
:1016500000BFFDE780B400AF00BFBD4680BC70474F
:1016600080B400AF00BFBD4680BC704780B400AFFF
:1016700000BFBD4680BC704780B500AF00F040F9A8
:1016800000BF80BD80B500AF024802F00FFA00BF76
:1016900080BD00BFD002002080B400AF01231846F7
:1016A000BD4680BC704780B582B000AF78603960BD
:1016B00003F04AFF034616221A604FF0FF33184624
:1016C0000837BD4680BD80B582B000AF78604FF06E
:1016D000FF317868FFF7E7FF00BFFDE780B586B010
:1016E00000AFF860B9607A6000237B610AE0AFF375
:1016F00000800146BB685A1CBA60CAB21A707B6986
:1017000001337B617A697B689A42F0DB7B6818461B
:101710001837BD4680BD80B586B000AFF860B960AF
:101720007A6000237B6109E0BB685A1CBA601B78B1
:101730001846AFF300807B6901337B617A697B686F
:101740009A42F1DB7B6818461837BD4680BD80B4ED
:1017500083B000AF78604FF0FF3318460C37BD46BA
:1017600080BC704780B483B000AF786039603B685C
:101770004FF400525A60002318460C37BD4680BC17
:10178000704780B483B000AF7860012318460C37EF
:10179000BD4680BC704780B485B000AFF860B960CA
:1017A0007A60002318461437BD4680BC704700009D
:1017B00080B586B000AF7860144A154BD31A7B61B0
:1017C0007B693B61134B1B68002B02D1114B124A02
:1017D0001A60104B1A687B6813443A699A4207D220
:1017E00003F0B2FE03460C221A604FF0FF3309E00B
:1017F000084B1B68FB60074B1A687B681344054A5B
:101800001360FB6818461837BD4680BD00500020A5
:1018100000040000180300207004002080B400AF12
:1018200000BFBD4680BC7047FFF7F8FF0B480C496E
:101830000C4A002302E0D458C4500433C4188C422C
:10184000F9D3094A094C002301E013600432A24293
:10185000FBD303F07FFEFFF71BFC70470000002066
:10186000D401002004910008D40100206C04002061
:10187000FEE7000080B500AF084B1B68074A43F045
:1018800010031360032000F047F90F2000F008F860
:10189000FFF70AFE0023184680BD00BF002002406B
:1018A00080B582B000AF7860124B1A68124B1B787B
:1018B00019464FF47A73B3FBF1F3B2FBF3F3184616
:1018C00000F05FF90346002B01D001230EE07B6896
:1018D0000F2B0AD8002279684FF0FF3000F027F96B
:1018E000064A7B681360002300E00123184608378E
:1018F000BD4680BD0000002008000020040000203C
:1019000080B400AF054B1B781A46054B1B68134487
:10191000034A136000BFBD4680BC7047080000202A
:101920001C03002080B400AF024B1B681846BD4664
:1019300080BC70471C03002080B584B000AF786085
:10194000FFF7F0FFB8607B68FB60FB68B3F1FF3F17
:1019500005D00A4B1B781A46FB681344FB6000BF96
:10196000FFF7E0FF0246BB68D31AFA689A42F7D83D
:1019700000BF00BF1037BD4680BD00BF080000207B
:1019800080B485B000AF78607B6803F00703FB602C
:101990000C4BDB68BB60BA684FF6FF031340BB60BB
:1019A000FB681A02BB68134343F0BF6343F4003380
:1019B000BB60044ABB68D36000BF1437BD4680BC1F
:1019C000704700BF00ED00E080B400AF044BDB685F
:1019D0001B0A03F007031846BD4680BC704700BFD2
:1019E00000ED00E080B483B000AF0346FB7197F9CF
:1019F0000730002B0BDBFB7903F01F02064997F938
:101A000007305B09012000FA02F241F8232000BFF1
:101A10000C37BD4680BC704700E100E080B483B065
:101A200000AF03463960FB7197F90730002B0ADBE2
:101A30003B68DAB20C4997F907301201D2B20B4475
:101A400083F800230AE03B68DAB20849FB7903F027
:101A50000F03043B1201D2B20B441A7600BF0C37BD
:101A6000BD4680BC704700BF00E100E000ED00E033
:101A700080B489B000AFF860B9607A60FB6803F0A9
:101A80000703FB61FB69C3F10703042B28BF042391
:101A9000BB61FB690433062B02D9FB69033B00E001
:101AA00000237B614FF0FF32BB6902FA03F3DA4394
:101AB000BB681A407B699A404FF0FF317B6901FA9D
:101AC00003F3D9437B680B40134318462437BD46C4
:101AD00080BC704780B582B000AF78607B68013B06
:101AE000B3F1807F01D301230FE00A4A7B68013BF9
:101AF00053600F214FF0FF30FFF790FF054B00229E
:101B00009A60044B07221A60002318460837BD4626
:101B100080BD00BF10E000E080B582B000AF78600B
:101B20007868FFF72DFF00BF0837BD4680BD80B540
:101B300086B000AF0346B9607A60FB7300237B6117
:101B4000FFF742FF78617A68B9687869FFF790FF1C
:101B5000024697F90F3011461846FFF75FFF00BFA6
:101B60001837BD4680BD80B582B000AF0346FB711B
:101B700097F907301846FFF735FF00BF0837BD4615
:101B800080BD80B582B000AF78607868FFF7A2FFB3
:101B9000034618460837BD4680BD80B485B000AF07
:101BA00078600023FB737B6893F82130DBB2022B53
:101BB00008D07B6804229A637B68002283F8202087
:101BC000012320E07B681B681A687B681B6822F091
:101BD0000E021A607B681B681A687B681B6822F01B
:101BE00001021A607B681A6C7B68DB6B012101FAC9
:101BF00002F25A607B68012283F821207B68002270
:101C000083F82020FB7B18461437BD4680BC704704
:101C100080B584B000AF78600023FB737B6893F8D5
:101C20002130DBB2022B05D07B6804229A630123AA
:101C3000FB7351E07B681B681A687B681B6822F0A5
:101C40000E021A607B681B681A687B681B6822F0AA
:101C500001021A607B681B68224A934229D07B6884
:101C60001B68214A934222D07B681B681F4A93421B
:101C70001AD07B681B681E4A934212D07B681B688F
:101C80001C4A93420AD07B681B681B4A934202D1CC
:101C90004FF480130EE04FF080730BE04FF480336D
:101CA00008E04FF4805305E04FF4807302E0102306
:101CB00000E00123114A53607B68012283F8212050
:101CC0007B68002283F820207B685B6B002B03D0AD
:101CD0007B685B6B78689847FB7B18461037BD467E
:101CE00080BD00BF080002401C00024030000240DE
:101CF00044000240580002406C00024000000240D4
:101D000080B48BB000AF7860396000237B62002321
:101D10003B6269E101227B6A02FA03F3FB613B68E3
:101D20001B68FA691340BB61BA69FB699A4240F0CB
:101D300058813B685B689A4A93425ED0984A9342C6
:101D400075D8984A934258D0964A93426FD8964A8B
:101D5000934252D0944A934269D8944A93424CD0C9
:101D6000924A934263D8924A934246D0904A934211
:101D70005DD8122B2AD8122B59D801A252F823F081
:101D8000FB1D0008D51D0008E71D0008291E0008DE
:101D90002F1E00082F1E00082F1E00082F1E0008EF
:101DA0002F1E00082F1E00082F1E00082F1E0008DF
:101DB0002F1E00082F1E00082F1E00082F1E0008CF
:101DC0002F1E0008DD1D0008F11D0008794A93420E
:101DD00013D02CE03B68DB683B6229E03B68DB68A2
:101DE00004333B6224E03B68DB6808333B621FE05E
:101DF0003B68DB680C333B621AE03B689B68002B56
:101E000002D104233B6213E03B689B68012B05D1A0
:101E100008233B627B68FA691A6109E008233B6288
:101E20007B68FA695A6103E000233B6200E000BF6F
:101E3000BB69FF2B01D87B6801E07B6804337B61C1
:101E4000BB69FF2B02D87B6A9B0002E07B6A083BE0
:101E50009B003B617B691A680F213B6901FA03F320
:101E6000DB431A40396A3B6901FA03F31A437B6981
:101E70001A603B685B6803F08053002B00F0B18070
:101E80004D4B9B694C4A43F0010393614A4B9B695C
:101E900003F00103BB60BB68484A7B6A9B080233BE
:101EA00052F82330FB607B6A03F003039B000F2290
:101EB00002FA03F3DB43FA681340FB607B68404A95
:101EC000934213D07B683F4A93420DD07B683E4AD1
:101ED000934207D07B683D4A934201D1032306E039
:101EE000042304E0022302E0012300E000237A6AD5
:101EF00002F0030292009340FA681343FB602F49FB
:101F00007B6A9B080233FA6841F823203B685B68D0
:101F100003F48013002B06D02D4B9A682C49BB6923
:101F200013438B6006E02A4B9A68BB69DB43284960
:101F300013408B603B685B6803F40013002B06D0F2
:101F4000234BDA682249BB691343CB6006E0204B80
:101F5000DA68BB69DB431E491340CB603B685B68B2
:101F600003F40033002B06D0194B5A681849BB699B
:101F700013434B6006E0164B5A68BB69DB431449B8
:101F800013404B603B685B6803F48033002B21D027
:101F90000F4B1A680E49BB6913430B6021E000BF69
:101FA000000032100000311000002210000021104B
:101FB000000012100000111000100240000001404B
:101FC00000080140000C01400010014000140140D5
:101FD000000401400B4B1A68BB69DB4309491340FD
:101FE0000B607B6A01337B623B681A687B6A22FA6A
:101FF00003F3002B7FF48EAE00BF00BF2C37BD462D
:1020000080BC70470004014080B584B000AF7860A8
:102010007B68002B01D101232BE17B6893F83D30D5
:10202000DBB2002B06D17B68002283F83C20786865
:10203000FFF76CFA7B68242283F83D207B681B68DD
:102040001A687B681B6822F001021A607B681B68B3
:102050001A687B681B6842F400421A607B681B6840
:102060001A687B681B6822F400421A6001F0FCFBCE
:10207000F8607B685B68814A934207D8FB68804AB6
:10208000934294BF01230023DBB206E0FB687D4A44
:10209000934294BF01230023DBB2002B01D0012324
:1020A000E7E0FB68784AA2FB03239B0CBB607B68DC
:1020B0001B685B6823F03F017B681B68BA680A43B2
:1020C0005A607B681B681B6A23F03F017B685B6872
:1020D0006A4A934202D8BB68013309E0BB684FF4F7
:1020E000967202FB03F3694AA2FB03239B090133A7
:1020F0007A6812680B4313627B681B68DB6923F400
:102100004F4222F0FF027B685B685C498B4219D822
:10211000FB68591E7B685B685B00B1FBF3F3591CDD
:1021200040F6FC730B40002B0AD0FB68591E7B68FD
:102130005B685B00B1FBF3F30133C3F30B0351E0C6
:1021400004234FE07B689B68002B11D1FB68581E6D
:102150007B6859680B465B000B44B0FBF3F301331B
:10216000C3F30B03002B0CBF01230023DBB212E0EF
:10217000FB68581E7B6859680B469B000B4499000E
:102180000B44B0FBF3F30133C3F30B03002B0CBF81
:1021900001230023DBB2002B01D0012322E07B6866
:1021A0009B68002B0ED1FB68581E7B6859680B4654
:1021B0005B000B44B0FBF3F30133C3F30B0343F4B5
:1021C00000430FE0FB68581E7B6859680B469B0074
:1021D0000B4499000B44B0FBF3F30133C3F30B033F
:1021E00043F44043796809681343CB617B681B68FB
:1021F0001B6823F0C0017B68DA697B681B6A1A439D
:102200007B681B680A431A607B681B689B6823F421
:10221000034323F0FF037A6811697A68D268114397
:102220007A6812680B4393607B681B68DB6823F055
:10223000FF017B685A697B689B691A437B681B684E
:102240000A43DA607B681B681A687B681B6842F087
:1022500001021A607B6800221A647B68202283F8DE
:102260003D207B6800221A637B68002283F83E20B1
:10227000002318461037BD4680BD00BFA086010070
:102280007F841E00FF083D0083DE1B43D34D621098
:1022900080B588B002AFF860084611461A4603467A
:1022A0007B810B463B811346FB80FFF73BFB78614C
:1022B000FB6893F83D30DBB2202B40F0D9807B697E
:1022C0000093192301226D49F86800F0CDFC034604
:1022D000002B01D00223CCE0FB6893F83C30012BAB
:1022E00001D10223C5E0FB68012283F83C20FB6892
:1022F0001B681B6803F00103012B07D0FB681B68F8
:102300001A68FB681B6842F001021A60FB681B68D0
:102310001A68FB681B6822F400621A60FB682122BD
:1023200083F83D20FB68402283F83E20FB680022B2
:102330001A64FB683A6A5A62FB68BA8C5A85FB6871
:102340005B8D9AB2FB681A85FB684D4ADA62F888A1
:102350003A8979897B690193BB6A00930346F868DF
:1023600000F004FB0346002B52D0012381E07A6980
:10237000B96AF86800F092FD0346002B0DD0FB68A7
:102380001B6C042B07D1FB681B681A68FB681B6871
:1023900042F400721A6001236BE0FB685B6A1A78F2
:1023A000FB681B681A61FB685B6A5A1CFB685A620F
:1023B000FB681B8D013B9AB2FB681A85FB685B8D3D
:1023C0009BB2013B9AB2FB685A85FB681B685B694C
:1023D00003F00403042B1BD1FB681B8D002B17D0CB
:1023E000FB685B6A1A78FB681B681A61FB685B6AAA
:1023F0005A1CFB685A62FB681B8D013B9AB2FB6852
:102400001A85FB685B8D9BB2013B9AB2FB685A85CB
:10241000FB681B8D002BAAD17A69B96AF86800F0B5
:1024200085FD0346002B0DD0FB681B6C042B07D1E8
:10243000FB681B681A68FB681B6842F400721A602C
:10244000012316E0FB681B681A68FB681B6842F4EE
:1024500000721A60FB68202283F83D20FB6800228E
:1024600083F83E20FB68002283F83C20002300E034
:10247000022318461837BD4680BD00BF0200100079
:102480000000FFFF80B58CB002AFF860084611462F
:102490001A4603467B810B463B811346FB80002393
:1024A0003B62FFF73FFA7862FB6893F83D30DBB29E
:1024B000202B40F050827B6A00931923012282492D
:1024C000F86800F0D1FB0346002B01D0022343E261
:1024D000FB6893F83C30012B01D102233CE2FB68FE
:1024E000012283F83C20FB681B681B6803F0010392
:1024F000012B07D0FB681B681A68FB681B6842F059
:1025000001021A60FB681B681A68FB681B6822F4EA
:1025100000621A60FB68222283F83D20FB6840229B
:1025200083F83E20FB6800221A64FB683A6B5A620B
:10253000FB68BA8E5A85FB685B8D9AB2FB681A8578
:10254000FB68624ADA62F8883A8979897B6A019382
:10255000BB6B00930346F86800F09EFA0346002B1D
:1025600001D00123F8E1FB681B8D002B13D1002360
:10257000FB61FB681B685B69FB61FB681B689B690F
:10258000FB61FB69FB681B681A68FB681B6842F407
:1025900000721A60CCE1FB681B8D012B1ED1FB6819
:1025A0001B681A68FB681B6822F480621A6072B6A6
:1025B00000BF0023BB61FB681B685B69BB61FB68F4
:1025C0001B689B69BB61BB69FB681B681A68FB6879
:1025D0001B6842F400721A6062B635E0FB681B8D1E
:1025E000022B1ED1FB681B681A68FB681B6842F44B
:1025F00000621A6072B600BF00237B61FB681B6833
:102600005B697B61FB681B689B697B617B69FB681D
:102610001B681A68FB681B6822F480621A6062B645
:1026200012E0FB681B681A68FB681B6842F4806252
:102630001A6000233B61FB681B685B693B61FB68B8
:102640001B689B693B613B6972E1FB681B8D032B37
:1026500000F21F81FB681B8D012B23D17A6AB96BB5
:10266000F86800F0ABFC0346002B01D0012373E1B6
:10267000FB681B681A69FB685B6AD2B21A70FB6858
:102680005B6A5A1CFB685A62FB681B8D013B9AB25D
:10269000FB681A85FB685B8D9BB2013B9AB2FB68B5
:1026A0005A8545E1FB681B8D022B52D17B6A009352
:1026B000BB6B00220649F86800F0D6FA0346002BEF
:1026C00008D0012348E100BF020010000000FFFF16
:1026D0000400010072B600BFFB681B681A68FB6843
:1026E0001B6842F400721A60FB681B681A69FB6879
:1026F0005B6AD2B21A70FB685B6A5A1CFB685A624A
:10270000FB681B8D013B9AB2FB681A85FB685B8DE9
:102710009BB2013B9AB2FB685A8562B600BFFB6868
:102720001B681A69FB685B6AD2B21A70FB685B6A45
:102730005A1CFB685A62FB681B8D013B9AB2FB680E
:102740001A85FB685B8D9BB2013B9AB2FB685A8588
:10275000EEE07B6A0093BB6B00228149F86800F0D1
:1027600083FA0346002B01D00123F5E0FB681B68C8
:102770001A68FB681B6822F480621A6072B600BF98
:10278000FB681B681A69FB685B6AD2B21A70FB6847
:102790005B6A5A1CFB685A62FB681B8D013B9AB24C
:1027A000FB681A85FB685B8D9BB2013B9AB2FB68A4
:1027B0005A856C4B1B68DB086B4AA2FB03231A0A81
:1027C00013469B001344DA00D31A3B623B6A013B79
:1027D0003B623B6A002B18D1FB6800221A63FB683E
:1027E000202283F83D20FB68002283F83E20FB680E
:1027F0001B6C43F02002FB681A6462B600BFFB68E2
:10280000002283F83C200123A6E0FB681B685B697B
:1028100003F00403042BD9D1FB681B681A68FB681A
:102820001B6842F400721A60FB681B681A69FB6837
:102830005B6AD2B21A70FB685B6A5A1CFB685A6208
:10284000FB681B8D013B9AB2FB681A85FB685B8DA8
:102850009BB2013B9AB2FB685A8562B600BFFB6827
:102860001B681A69FB685B6AD2B21A70FB685B6A04
:102870005A1CFB685A62FB681B8D013B9AB2FB68CD
:102880001A85FB685B8D9BB2013B9AB2FB685A8547
:102890004EE07A6AB96BF86800F090FB0346002BB3
:1028A00001D0012358E0FB681B681A69FB685B6A6A
:1028B000D2B21A70FB685B6A5A1CFB685A62FB68EA
:1028C0001B8D013B9AB2FB681A85FB685B8D9BB23E
:1028D000013B9AB2FB685A85FB681B685B6903F091
:1028E0000403042B24D1FB681B8D032B07D1FB6849
:1028F0001B681A68FB681B6822F480621A60FB6818
:102900001B681A69FB685B6AD2B21A70FB685B6A63
:102910005A1CFB685A62FB681B8D013B9AB2FB682C
:102920001A85FB685B8D9BB2013B9AB2FB685A85A6
:10293000FB681B8D002B7FF488AEFB68202283F898
:102940003D20FB68002283F83E20FB68002283F8CC
:102950003C20002300E0022318462837BD4680BDF6
:10296000040001000000002089B5F81480B588B08B
:1029700002AFF860084611461A4603467B810B46B3
:102980003B811346FB80FB681B681A68FB681B6869
:1029900042F480721A607B6A00933B6A00224FF017
:1029A0000111F86800F060F90346002B0DD0FB68B8
:1029B0001B681B6803F48073B3F5807F03D1FB6849
:1029C0004FF400721A6403235FE07B89DBB21A467E
:1029D000FB681B6802F0FE021A617B6A3A6A2D49A5
:1029E000F86800F0BBF90346002B01D001234CE04E
:1029F00000237B61FB681B685B697B61FB681B686C
:102A00009B697B617B697A6A396AF86800F046FAEB
:102A10000346002B0DD0FB681B6C042B07D1FB6811
:102A20001B681A68FB681B6842F400721A60012375
:102A30002BE0FB88012B05D13B89DAB2FB681B68D0
:102A40001A6121E03B891B0A9BB2DAB2FB681B6862
:102A50001A617A6A396AF86800F020FA0346002B96
:102A60000DD0FB681B6C042B07D1FB681B681A6830
:102A7000FB681B6842F400721A60012305E03B8981
:102A8000DAB2FB681B681A61002318461837BD4686
:102A900080BD00BF0200010080B588B002AFF860C1
:102AA000084611461A4603467B810B463B81134676
:102AB000FB80FB681B681A68FB681B6842F4806235
:102AC0001A60FB681B681A68FB681B6842F4807216
:102AD0001A607B6A00933B6A00224FF00111F8688C
:102AE00000F0C2F80346002B0DD0FB681B681B6882
:102AF00003F48073B3F5807F03D1FB684FF4007259
:102B00001A640323AAE07B89DBB21A46FB681B68C0
:102B100002F0FE021A617B6A3A6A5249F86800F0D4
:102B20001DF90346002B01D0012397E000237B61B0
:102B3000FB681B685B697B61FB681B689B697B6149
:102B40007B697A6A396AF86800F0A8F90346002BB5
:102B50000DD0FB681B6C042B07D1FB681B681A683F
:102B6000FB681B6842F400721A60012376E0FB8860
:102B7000012B05D13B89DAB2FB681B681A6121E0A1
:102B80003B891B0A9BB2DAB2FB681B681A617A6A3E
:102B9000396AF86800F082F90346002B0DD0FB6813
:102BA0001B6C042B07D1FB681B681A68FB681B6849
:102BB00042F400721A60012350E03B89DAB2FB68EC
:102BC0001B681A617A6A396AF86800F067F9034687
:102BD000002B0DD0FB681B6C042B07D1FB681B6816
:102BE0001A68FB681B6842F400721A60012335E022
:102BF000FB681B681A68FB681B6842F480721A60E5
:102C00007B6A00933B6A00224FF00111F86800F0E4
:102C10002BF80346002B0DD0FB681B681B6803F4E0
:102C20008073B3F5807F03D1FB684FF400721A64A0
:102C3000032313E07B89DBB243F00103DAB2FB68C4
:102C40001B681A617B6A3A6A0649F86800F086F8E0
:102C50000346002B01D0012300E00023184618375B
:102C6000BD4680BD0200010080B584B000AFF860B1
:102C7000B9603B601346FB7148E03B68B3F1FF3F2E
:102C800044D0FEF74FFE0246BB69D31A3A689A4217
:102C900002D33B68002B39D1BB681B0CDBB2012B84
:102CA0000DD1FB681B685B69DA43BB6813409BB2BC
:102CB000002B0CBF01230023DBB21A460CE0FB689B
:102CC0001B689B69DA43BB6813409BB2002B0CBFA7
:102CD00001230023DBB21A46FB799A4216D1FB6826
:102CE00000221A63FB68202283F83D20FB68002243
:102CF00083F83E20FB681B6C43F02002FB681A64DB
:102D0000FB68002283F83C20012323E0BB681B0CF6
:102D1000DBB2012B0DD1FB681B685B69DA43BB6832
:102D200013409BB2002B0CBF01230023DBB21A46D9
:102D30000CE0FB681B689B69DA43BB6813409BB2DD
:102D4000002B0CBF01230023DBB21A46FB799A4209
:102D500093D0002318461037BD4680BD80B584B09F
:102D600000AFF860B9607A603B6071E0FB681B6897
:102D70005B6903F48063B3F5806F23D1FB681B6844
:102D80001A68FB681B6842F400721A60FB681B68D3
:102D90006FF480625A61FB6800221A63FB6820228C
:102DA00083F83D20FB68002283F83E20FB681B6C03
:102DB00043F00402FB681A64FB68002283F83C209D
:102DC000012367E07B68B3F1FF3F41D0FEF7AAFD26
:102DD00002463B68D31A7A689A4202D37B68002B7A
:102DE00036D1BB681B0CDBB2012B0CD1FB681B6816
:102DF0005B69DA43BB6813409BB2002B14BF01230D
:102E00000023DBB20BE0FB681B689B69DA43BB68FD
:102E100013409BB2002B14BF01230023DBB2002B15
:102E200016D0FB6800221A63FB68202283F83D203D
:102E3000FB68002283F83E20FB681B6C43F02002F5
:102E4000FB681A64FB68002283F83C20012321E020
:102E5000BB681B0CDBB2012B0CD1FB681B685B69E8
:102E6000DA43BB6813409BB2002B14BF012300233D
:102E7000DBB20BE0FB681B689B69DA43BB6813405D
:102E80009BB2002B14BF01230023DBB2002B7FF485
:102E90006DAF002318461037BD4680BD80B584B0A5
:102EA00000AFF860B9607A6034E0F86800F0E3F8E9
:102EB0000346002B01D0012334E0BB68B3F1FF3F90
:102EC00028D0FEF72FFD02467B68D31ABA689A42D3
:102ED00002D3BB68002B1DD1FB681B685B6903F044
:102EE0008003802B16D0FB6800221A63FB68202227
:102EF00083F83D20FB68002283F83E20FB681B6CB2
:102F000043F02002FB681A64FB68002283F83C202F
:102F1000012307E0FB681B685B6903F08003802BDB
:102F2000C3D1002318461037BD4680BD80B584B09C
:102F300000AFF860B9607A6034E0F86800F09BF8A0
:102F40000346002B01D0012334E0BB68B3F1FF3FFF
:102F500028D0FEF7E7FC02467B68D31ABA689A428B
:102F600002D3BB68002B1DD1FB681B685B6903F0B3
:102F70000403042B16D0FB6800221A63FB6820228E
:102F800083F83D20FB68002283F83E20FB681B6C21
:102F900043F02002FB681A64FB68002283F83C209F
:102FA000012307E0FB681B685B6903F00403042B43
:102FB000C3D1002318461037BD4680BD80B584B00C
:102FC00000AFF860B9607A6049E0FB681B685B6934
:102FD00003F01003102B19D1FB681B686FF010026F
:102FE0005A61FB6800221A63FB68202283F83D20A7
:102FF000FB68002283F83E20FB681A6CFB681A64A9
:10300000FB68002283F83C20012330E0FEF78AFCB5
:1030100002467B68D31ABA689A4202D3BB68002B77
:103020001DD1FB681B685B6903F04003402B16D081
:10303000FB6800221A63FB68202283F83D20FB68AE
:10304000002283F83E20FB681B6C43F02002FB68E3
:103050001A64FB68002283F83C20012307E0FB6828
:103060001B685B6903F04003402BAED10023184678
:103070001037BD4680BD80B483B000AF78607B68F8
:103080001B685B6903F48063B3F5806F1BD17B68B9
:103090001B686FF480625A617B6800221A637B6848
:1030A000202283F83D207B68002283F83E207B6845
:1030B0001B6C43F004027B681A647B68002283F86F
:1030C0003C20012300E0002318460C37BD4680BC9D
:1030D0007047000080B586B000AF78607B68002B39
:1030E00001D1012372E27B681B6803F00103002B0E
:1030F00000F08780924B5B6803F00C03042B0CD02C
:103100008F4B5B6803F00C03082B12D18C4B5B6870
:1031100003F48033B3F5803F0BD1894B1B6803F474
:103120000033002B6CD07B685B68002B68D10123D7
:103130004CE27B685B68B3F5803F06D1804B1B682F
:103140007F4A43F4803313602EE07B685B68002B7A
:103150000CD17B4B1B687A4A23F480331360784B85
:103160001B68774A23F4802313601DE07B685B684B
:10317000B3F5A02F0CD1724B1B68714A43F4802326
:1031800013606F4B1B686E4A43F4803313600BE08F
:103190006B4B1B686A4A23F480331360684B1B68CF
:1031A000674A23F4802313607B685B68002B13D08D
:1031B000FEF7B8FB386108E0FEF7B4FB02463B6956
:1031C000D31A642B01D9032300E25D4B1B6803F47F
:1031D0000033002BF0D014E0FEF7A4FB386108E0C8
:1031E000FEF7A0FB02463B69D31A642B01D90323E7
:1031F000ECE1534B1B6803F40033002BF0D100E0EB
:1032000000BF7B681B6803F00203002B63D04C4BAC
:103210005B6803F00C03002B0BD0494B5B6803F099
:103220000C03082B1CD1464B5B6803F48033002B46
:1032300016D1434B1B6803F00203002B05D07B68BB
:103240001B69012B01D00123C0E13D4B1B6823F01A
:10325000F8027B685B69DB00394913430B603AE095
:103260007B681B69002B20D0364B01221A60FEF7C9
:1032700059FB386108E0FEF755FB02463B69D31A5B
:10328000022B01D90323A1E12D4B1B6803F002039C
:10329000002BF0D02A4B1B6823F0F8027B685B6997
:1032A000DB00274913430B6015E0264B00221A6010
:1032B000FEF738FB386108E0FEF734FB02463B6955
:1032C000D31A022B01D9032380E11D4B1B6803F0A5
:1032D0000203002BF0D17B681B6803F00803002B6E
:1032E0003AD07B689B69002B19D0174B01221A60DA
:1032F000FEF718FB386108E0FEF714FB02463B6955
:10330000D31A022B01D9032360E10D4B5B6A03F052
:103310000203002BF0D0012000F0CEFA1CE00A4B93
:1033200000221A60FEF7FEFA38610FE0FEF7FAFAA3
:1033300002463B69D31A022B08D9032346E100BF9A
:10334000001002400000424280044242924B5B6AFD
:1033500003F00203002BE9D17B681B6803F0040330
:10336000002B00F0A6800023FB758B4BDB6903F07C
:103370008053002B0DD1884BDB69874A43F0805383
:10338000D361854BDB6903F08053BB60BB680123CD
:10339000FB75824B1B6803F48073002B18D17F4BA5
:1033A0001B687E4A43F480731360FEF7BBFA3861F2
:1033B00008E0FEF7B7FA02463B69D31A642B01D93D
:1033C000032303E1754B1B6803F48073002BF0D0DB
:1033D0007B68DB68012B06D16F4B1B6A6E4A43F09A
:1033E000010313622DE07B68DB68002B0CD16A4B74
:1033F0001B6A694A23F001031362674B1B6A664A22
:1034000023F0040313621CE07B68DB68052B0CD1FE
:10341000614B1B6A604A43F0040313625E4B1B6AF4
:103420005D4A43F0010313620BE05B4B1B6A5A4A8F
:1034300023F001031362584B1B6A574A23F004031D
:1034400013627B68DB68002B15D0FEF76BFA3861DE
:103450000AE0FEF767FA02463B69D31A41F2883266
:10346000934201D90323B1E04B4B1B6A03F00203E3
:10347000002BEED014E0FEF755FA38610AE0FEF7B3
:1034800051FA02463B69D31A41F28832934201D97C
:1034900003239BE0404B1B6A03F00203002BEED199
:1034A000FB7D012B05D13C4BDB693B4A23F080536C
:1034B000D3617B68DB69002B00F08780364B5B684B
:1034C00003F00C03082B61D07B68DB69022B46D12B
:1034D000334B00221A60FEF725FA386108E0FEF748
:1034E00021FA02463B69D31A022B01D903236DE06E
:1034F000294B1B6803F00073002BF0D17B681B6A1B
:10350000B3F5803F08D1244B5B6823F400327B681D
:103510009B68214913434B601F4B5B6823F4741273
:103520007B68196A7B685B6A0B431B4913434B60DA
:103530001B4B01221A60FEF7F5F9386108E0FEF72F
:10354000F1F902463B69D31A022B01D903233DE06E
:10355000114B1B6803F00073002BF0D035E0104BCB
:1035600000221A60FEF7DEF9386108E0FEF7DAF9AA
:1035700002463B69D31A022B01D9032326E0064BEE
:103580001B6803F00073002BF0D11EE07B68DB6941
:10359000012B07D1012319E0001002400070004008
:1035A000600042420B4B5B68FB60FB6803F48032B7
:1035B0007B681B6A9A4206D1FB6803F470127B6831
:1035C0005B6A9A4201D0012300E0002318461837B5
:1035D000BD4680BD0010024080B584B000AF786069
:1035E00039607B68002B01D10123D0E06A4B1B6856
:1035F00003F007033A689A4210D9674B1B6823F01F
:10360000070265493B6813430B60634B1B6803F07B
:1036100007033A689A4201D00123B8E07B681B682F
:1036200003F00203002B20D07B681B6803F0040327
:10363000002B05D0594B5B68584A43F4E063536054
:103640007B681B6803F00803002B05D0534B5B68B5
:10365000524A43F460535360504B5B6823F0F002CE
:103660007B689B684D4913434B607B681B6803F084
:103670000103002B40D07B685B68012B07D1474BCF
:103680001B6803F40033002B15D101237FE07B6816
:103690005B68022B07D1414B1B6803F00073002BC2
:1036A00009D1012373E03D4B1B6803F00203002B9B
:1036B00001D101236BE0394B5B6823F003027B6887
:1036C0005B68364913434B60FEF72CF9F8600AE05B
:1036D000FEF728F90246FB68D31A41F2883293427A
:1036E00001D9032353E02D4B5B6803F00C027B6888
:1036F0005B689B009A42EBD1274B1B6803F00703E2
:103700003A689A4210D2244B1B6823F007022249E0
:103710003B6813430B60204B1B6803F007033A68B8
:103720009A4201D0012332E07B681B6803F0040356
:10373000002B08D0194B5B6823F4E0627B68DB68E0
:10374000164913434B607B681B6803F00803002B8A
:1037500009D0124B5B6823F460527B681B69DB0065
:103760000E4913434B6000F021F802460B4B5B6897
:103770001B0903F00F030A49CB5C22FA03F3094A41
:103780001360094B1B681846FEF78AF80023184699
:103790001037BD4680BD00BF00200240001002402F
:1037A000A08C0008000000200400002080B487B036
:1037B00000AF0023FB600023BB6000237B6100237C
:1037C0007B6000233B611E4B5B68FB60FB6803F082
:1037D0000C03042B02D0082B03D027E0194B3B61CC
:1037E00027E0FB689B0C03F00F03174AD35C7B6058
:1037F000FB6803F48033002B10D0114B5B685B0C2B
:1038000003F00103114AD35CBB607B680D4A03FBE4
:1038100002F2BB68B2FBF3F37B6104E07B680C4A05
:1038200002FB03F37B617B693B6102E0054B3B617B
:1038300000BF3B6918461C37BD4680BC704700BFBF
:103840000010024000127A00B88C0008C88C0008F2
:1038500000093D0080B400AF024B1B681846BD460E
:1038600080BC70470000002080B500AFFFF7F2FF7A
:103870000246054B5B681B0A03F007030349CB5C58
:1038800022FA03F3184680BD00100240B08C0008F5
:1038900080B500AFFFF7DEFF0246054B5B68DB0A31
:1038A00003F007030349CB5C22FA03F3184680BDFB
:1038B00000100240B08C000880B485B000AF786082
:1038C0000A4B1B680A4AA2FB03235B0A7A6802FBC5
:1038D00003F3FB6000BFFB685A1EFA60002BF9D1AE
:1038E00000BF00BF1437BD4680BC704700000020F9
:1038F000D34D621080B582B000AF78607B68002B3A
:1039000001D1012342E07B6893F84130DBB2002B08
:1039100006D17B68002283F840207868FDF734FEEA
:103920007B68242283F841207B681B68DA687B6807
:103930001B6822F40052DA60786800F063FD7B684F
:103940001B681A697B681B6822F490421A617B68C5
:103950001B685A697B681B6822F02A025A617B68DF
:103960001B68DA687B681B6842F40052DA607B6887
:1039700000225A647B68202283F841207B68202241
:1039800083F842207B6800225A63002318460837D8
:10399000BD4680BD80B58AB002AFF860B9603B60BB
:1039A0001346FB8000237B61FB6893F84130DBB258
:1039B000202B75D1BB68002B02D0FB88002B01D1D6
:1039C00001236EE0FB6800225A64FB68212283F821
:1039D0004120FDF7A7FF7861FB68FA889A84FB68AD
:1039E000FA88DA84FB689B68B3F5805F08D1FB68CE
:1039F0001B69002B04D10023FB61BB68BB6103E0A2
:103A0000BB68FB610023BB612EE03B6800937B69D0
:103A100000228021F86800F001FB0346002B05D04E
:103A2000FB68202283F8412003233AE0FB69002B46
:103A30000BD1BB691B881A46FB681B68C2F30802DE
:103A40005A60BB690233BB6107E0FB691A78FB6807
:103A50001B685A60FB690133FB61FB68DB8C9BB21E
:103A6000013B9AB2FB68DA84FB68DB8C9BB2002BCB
:103A7000CBD13B6800937B6900224021F86800F0BD
:103A8000CDFA0346002B05D0FB68202283F84120A5
:103A9000032306E0FB68202283F84120002300E096
:103AA000022318462037BD4680BD000080B5BAB05D
:103AB00000AF78607B681B681B68C7F8E4307B68E0
:103AC0001B68DB68C7F8E0307B681B685B69C7F878
:103AD000DC300023C7F8D8300023C7F8D430D7F83B
:103AE000E43003F00F03C7F8D830D7F8D830002BF4
:103AF0000FD1D7F8E43003F02003002B09D0D7F81A
:103B0000E03003F02003002B03D0786800F0BCFB0A
:103B10005BE2D7F8D830002B00F0DE80D7F8DC303D
:103B200003F00103002B06D1D7F8E03003F49073C3
:103B3000002B00F0D180D7F8E43003F00103002B14
:103B40000BD0D7F8E03003F48073002B05D07B68EE
:103B50005B6C43F001027B685A64D7F8E43003F0F1
:103B60000403002B0BD0D7F8DC3003F00103002B4B
:103B700005D07B685B6C43F002027B685A64D7F81F
:103B8000E43003F00203002B0BD0D7F8DC3003F055
:103B90000103002B05D07B685B6C43F004027B685B
:103BA0005A64D7F8E43003F00803002B11D0D7F89B
:103BB000E03003F02003002B05D1D7F8DC3003F010
:103BC0000103002B05D07B685B6C43F008027B6827
:103BD0005A647B685B6C002B00F0F281D7F8E4300C
:103BE00003F02003002B08D0D7F8E03003F02003C7
:103BF000002B02D0786800F047FB7B681B685B698C
:103C000003F04003002B14BF01230023DBB2C7F8ED
:103C1000D4307B685B6C03F00803002B03D1D7F82A
:103C2000D430002B4FD0786800F051FA7B681B68C5
:103C30005B6903F04003002B41D07B681B681433A1
:103C4000C7F89C30D7F89C3053E8003FC7F898304D
:103C5000D7F8983023F04003C7F8D0307B681B6852
:103C60001433D7F8D020C7F8A820C7F8A430D7F865
:103C7000A410D7F8A82041E80023C7F8A030D7F84F
:103C8000A030002BD9D17B68DB6B002B13D07B6875
:103C9000DB6B7E4A5A637B68DB6B1846FDF7B8FF27
:103CA0000346002B16D07B68DB6B5B6B7A68D26BAC
:103CB000104698470EE0786800F09CF90AE07868B2
:103CC00000F098F906E0786800F094F97B6800222B
:103CD0005A6475E100BF73E17B681B6B012B40F0F8
:103CE0004F81D7F8E43003F01003002B00F0488137
:103CF000D7F8E03003F01003002B00F041810023DF
:103D0000BB607B681B681B68BB607B681B685B686B
:103D1000BB60BB687B681B685B6903F04003002BDA
:103D200000F0B6807B68DB6B1B685B68A7F8BE3071
:103D3000B7F8BE30002B00F045817B689B8DB7F84B
:103D4000BE209A4280F03E817B68B7F8BE20DA85BB
:103D50007B68DB6B9B69202B00F088807B681B688D
:103D60000C33C7F88830D7F8883053E8003FC7F8DD
:103D70008430D7F8843023F48073C7F8B8307B6878
:103D80001B680C33D7F8B820C7F89420C7F89030D8
:103D9000D7F89010D7F8942041E80023C7F88C306A
:103DA000D7F88C30002BD9D17B681B6814337B6724
:103DB0007B6F53E8003F3B673B6F23F00103C7F87D
:103DC000B4307B681B681433D7F8B420C7F8802060
:103DD000FB67F96FD7F8802041E80023BB67BB6F12
:103DE000002BE1D17B681B6814333B663B6E53E8C4
:103DF000003FFB65FB6D23F04003C7F8B0307B68E4
:103E00001B681433D7F8B020FA66BB66B96EFA6E39
:103E100041E800237B667B6E002BE3D17B68202288
:103E200083F842207B6800221A637B681B680C338E
:103E3000FB64FB6C53E8003FBB64BB6C23F01003D6
:103E4000C7F8AC307B681B680C33D7F8AC20BA6578
:103E50007B65796DBA6D41E800233B653B6D002BB6
:103E6000E3D17B68DB6B1846FDF797FE7B68022287
:103E70005A637B689A8D7B68DB8D9BB2D31A9BB2A9
:103E80001946786800F0BFF89CE000BF9341000835
:103E90007B689A8D7B68DB8D9BB2D31AA7F8CE30F6
:103EA0007B68DB8D9BB2002B00F08E80B7F8CE30A4
:103EB000002B00F089807B681B680C33BB63BB6BF5
:103EC00053E8003F7B637B6B23F49073C7F8C830E3
:103ED0007B681B680C33D7F8C8207A643B64396C64
:103EE0007A6C41E80023FB63FB6B002BE3D17B681A
:103EF0001B6814337B627B6A53E8003F3B623B6A7A
:103F000023F00103C7F8C4307B681B681433D7F86B
:103F1000C4203A63FB62F96A3A6B41E80023BB6252
:103F2000BB6A002BE3D17B68202283F842207B68A8
:103F300000221A637B681B680C333B613B6953E8C2
:103F4000003FFB60FB6823F01003C7F8C0307B68BC
:103F50001B680C33D7F8C020FA61BB61B969FA69F4
:103F600041E800237B617B69002BE3D17B6802225F
:103F70005A63B7F8CE301946786800F044F823E069
:103F8000D7F8E43003F08003002B09D0D7F8E030F5
:103F900003F08003002B03D0786800F00EF914E0E2
:103FA000D7F8E43003F04003002B0ED0D7F8E03010
:103FB00003F04003002B08D0786800F04DF904E0CE
:103FC00000BF02E000BF00E000BFE837BD4680BD93
:103FD00080B483B000AF786000BF0C37BD4680BCB2
:103FE000704780B483B000AF786000BF0C37BD4627
:103FF00080BC704780B483B000AF786000BF0C37DE
:10400000BD4680BC704780B483B000AF78600B467B
:104010007B8000BF0C37BD4680BC704780B586B042
:1040200000AFF860B9603B601346FB713BE03B6A50
:10403000B3F1FF3F37D0FDF775FC02463B68D31A5A
:104040003A6A9A4202D33B6A002B01D103233AE039
:10405000FB681B68DB6803F00403002B23D0BB68FC
:10406000802B20D0BB68402B1DD0FB681B681B68D1
:1040700003F00803082B16D100237B61FB681B6843
:104080001B687B61FB681B685B687B617B69F86808
:1040900000F01DF8FB6808225A64FB68002283F8D0
:1040A000402001230FE0FB681B681A68BB681340BF
:1040B000BA689A420CBF01230023DBB21A46FB798F
:1040C0009A42B4D0002318461837BD4680BD80B44C
:1040D00095B000AF78607B681B680C337B637B6BAB
:1040E00053E8003F3B633B6B23F49073FB647B68B6
:1040F0001B680C33FA6C3A64FB63F96B3A6C41E869
:104100000023BB63BB6B002BE5D17B681B681433BA
:104110003B623B6A53E8003FFB61FB6923F001030C
:10412000BB647B681B681433BA6CFA62BB62B96A01
:10413000FA6A41E800237B627B6A002BE5D17B6849
:104140001B6B012B19D17B681B680C33FB60FB6870
:1041500053E8003FBB60BB6823F010037B647B68BF
:104160001B680C337A6CBA617B617969BA6941E882
:1041700000233B613B69002BE5D17B68202283F85B
:1041800042207B6800221A6300BF5437BD4680BCC2
:10419000704780B584B000AF78607B685B6AFB6075
:1041A000FB680022DA85FB680022DA84F868FFF7F2
:1041B00021FF00BF1037BD4680BD80B485B000AF81
:1041C00078607B6893F84130DBB2212B3ED17B686D
:1041D0009B68B3F5805F14D17B681B69002B10D1FD
:1041E0007B681B6AFB60FB681B881A467B681B6840
:1041F000C2F308025A607B681B6A9A1C7B681A62C9
:1042000008E07B681B6A591C7A6811621A787B681F
:104210001B685A607B68DB8C9BB2013B9BB27A685F
:104220001946D184002B0FD17B681B68DA687B6844
:104230001B6822F08002DA607B681B68DA687B68A2
:104240001B6842F04002DA60002300E002231846B7
:104250001437BD4680BC704780B582B000AF78602F
:104260007B681B68DA687B681B6822F04002DA60B2
:104270007B68202283F841207868FFF7A9FE00239D
:1042800018460837BD4680BD80B58CB000AF786059
:104290007B6893F84230DBB2222B40F0AE807B6823
:1042A0009B68B3F5805F17D17B681B69002B13D126
:1042B0000023FB627B689B6ABB627B681B685B6850
:1042C0009BB2C3F308039AB2BB6A1A807B689B6AED
:1042D0009A1C7B689A6226E07B689B6AFB620023DB
:1042E000BB627B689B68B3F5805F07D07B689B6887
:1042F000002B0AD17B681B69002B06D17B681B68E9
:104300005B68DAB2FB6A1A7008E07B681B685B685E
:10431000DBB203F07F03DAB2FB6A1A707B689B6A38
:104320005A1C7B689A627B68DB8D9BB2013B9BB217
:104330007A681946D185002B5DD17B681B68DA68E5
:104340007B681B6822F02002DA607B681B68DA68F1
:104350007B681B6822F48072DA607B681B685A698C
:104360007B681B6822F001025A617B68202283F877
:1043700042207B6800225A637B681B6B012B35D17E
:104380007B6800221A637B681B680C337B617B6946
:1043900053E8003F3B613B6923F010037B627B687D
:1043A0001B680C337A6A3A62FB61F9693A6A41E840
:1043B0000023BB61BB69002BE5D17B681B681B68D0
:1043C00003F01003102B0AD10023FB607B681B68ED
:1043D0001B68FB607B681B685B68FB60FB687B6835
:1043E0009B8D19467868FFF70EFE02E07868FFF7AC
:1043F000F8FD002302E0002300E0022318463037D6
:10440000BD4680BD80B584B000AF78607B681B6816
:104410001B6923F440517B68DA687B681B680A4398
:104420001A617B689A687B681B691A437B685B69C1
:104430001343BB607B681B68DB6823F4B05323F035
:104440000C037A681268B9680B43D3607B681B68F9
:104450005B6923F440717B689A697B681B680A4337
:104460005A617B681B682C4A934203D1FFF710FA0C
:10447000F86002E0FFF7F8F9F860FA6813469B006D
:1044800013449A001A447B685B689B00B2FBF3F309
:10449000224AA2FB03235B091901FA6813469B0019
:1044A00013449A001A447B685B689B00B2FBF3F2EA
:1044B0001A4BA3FB02035B09642000FB03F3D31A2E
:1044C0001B013233154AA2FB03235B0903F0F003FF
:1044D0001944FA6813469B0013449A001A447B68F7
:1044E0005B689B00B2FBF3F20C4BA3FB02035B097E
:1044F000642000FB03F3D31A1B013233074AA2FBEB
:1045000003235B0903F00F027B681B680A449A606F
:1045100000BF1037BD4680BD003801401F85EB51FC
:10452000002B2DE9F0471D46BBBF03F100431D469C
:1045300000232D2388B01446B8BF1446129A109E4B
:104540001370149BDDF84CA023F02008B8F1460F3F
:1045500005D0B8F1450F00D10136022300E0032356
:1045600007AA049206AACDE902A2CDE900362246A6
:104570002B4601F0B1F8B8F1470F074619D1119B4E
:10458000DB070ED500EB0609002200232046294652
:10459000FCF70AFA08B1CDF81C903022079B4B4576
:1045A0001ED33846079B159ADB1B136008B0BDE885
:1045B000F087B8F1460F00EB0609E5D10378302B00
:1045C0000AD10022002320462946FCF7EDF918B94C
:1045D000C6F10106CAF80060DAF800309944D3E762
:1045E000591C07911A70D9E7F7B50029B6BF2D23DA
:1045F0002B23494209290270437029DD0DF107037D
:104600001D460A27B1FBF7F61A4607FB161430348D
:1046100002F8014C0C46632C314603F1FF33F1DC08
:104620003031941E03F8011C2346411CAB420AD3CF
:104630000DF109039B1AAC4288BF002302330344E7
:10464000181A03B0F0BD13F8016B01F8016FEDE724
:10465000302330318370C170031DF1E72DE9F04F35
:1046600091B00C46DDF8688016461F46054600F0FE
:1046700021FF036818460893FBF76AFD00230E9399
:10468000D8F800300990073323F0070303F108023C
:1046900094F818A0D4F800B0C8F80020D3E9008935
:1046A00029F000430B93CDF828804FF0FF32DDE96D
:1046B0000A01C4E912899C4BFCF7A8F970BBDDE93B
:1046C0000A014FF0FF32984BFCF782F930BB002211
:1046D000002340464946FCF771F910B12D2384F8B8
:1046E0004330924A924BBAF1470F8CBF904698469E
:1046F00003234FF0000923612BF0040323603346AA
:104700002146284600970FAA00F0D4F9013040F066
:1047100090804FF0FF3011B0BDE8F08F42464B461D
:1047200040464946FCF772F948B14B46002BB8BFEA
:104730002D23804AB8BF84F843307F4BD3E76368AA
:104740000AF0DF015A1C3FD10623636000224BF4BC
:104750008063236006920EAACDE904A20DAA0392FB
:104760000DF13302CDE901326368424600932846D9
:104770004B460A91FFF7D4FE0A99804647290D99C6
:1047800028D1C81C02DB6368994240DDAAF1020A05
:104790005FFA8AFA5246013904F150000D91FFF791
:1047A00023FF0E9A81461318012A236102DC226836
:1047B000D20701D5013323619DF83330002B9ED001
:1047C0002D2384F843309AE74729BFD1002BBDD170
:1047D0000123BAE7BAF1650FDCD9BAF1660F18D137
:1047E000002963680BDD216113B92268D00702D567
:1047F00001330B4423614FF00009A165DCE713B9D5
:104800002268D20701D50233F4E70123F2E74FF023
:10481000670A0E9B994205DB23682161D807EAD518
:104820004B1CE7E70029CCBF0122C1F1020213446F
:10483000E0E723685A0507D42369424631462846F3
:10484000B84701302BD164E7BAF1650F40F2DC8044
:10485000D4E9120100220023FCF7A6F8002833D087
:10486000012331462846354AB84701303FF451AF5D
:10487000DDE90D38434502DB2368D8070FD5DDE9B4
:10488000082331462846B84701303FF442AF4FF085
:10489000000908F1FF3804F11A0AC84509DC236849
:1048A0009B0700F10281E0680F9B9842B8BF184651
:1048B00031E70123524631462846B84701303FF4DC
:1048C00028AF09F10109E8E70D9B002B38DC012333
:1048D00031462846194AB84701303FF41AAFDDE99E
:1048E0000D3959EA030302D12368D907D7D5DDE989
:1048F000082331462846B84701303FF40AAF4FF04D
:10490000000A04F11A0B0D9B5B42534501DC4B4638
:1049100093E701235A4631462846B84701303FF411
:10492000F8AE0AF1010AEEE7FFFFEF7FCE8C000838
:10493000CA8C0008D68C0008D28C0008DA8C0008DB
:10494000A36DDDF838A05345A8BF5346002B994608
:1049500036DC4FF0000B29EAE97904F11A02A36D65
:104960000A93A3EB09035B4531DC0D9B9A453ADCC6
:104970002368DA0737D40D9BAAEB03090A9BAAEB3D
:1049800003039945A8BF9946B9F1000F33DC4FF0F6
:10499000000829EAE97904F11A0B0D9BAAEB03033D
:1049A000A3EB090343457FF77AAF01235A4631460B
:1049B0002846B84701303FF4ACAE08F10108ECE7F7
:1049C000424631462846B8470130C2D1A1E601230C
:1049D000314628460A92B84701303FF49AAE0A9A07
:1049E0000BF1010BBBE73146DDE908232846B84748
:1049F0000130C0D18DE60A9A4B46314628464244E2
:104A0000B8470130C3D184E6DDF838A0BAF1010F10
:104A100001DCDB0736D50123424631462846B8473C
:104A200001303FF476AEDDE9082331462846B84729
:104A300001303FF46EAED4E91201002200230AF1E6
:104A4000FF3AFBF7B1FFC0B9534608F10102314606
:104A50002846B84701300CD15BE601235A4631465F
:104A60002846B84701303FF454AE08F10108D0455C
:104A7000F3DB4B4604F15002E0E64FF0000804F18E
:104A80001A0BF4E701234246E1E701234A46314687
:104A90002846B84701303FF43CAE08F10108E3680E
:104AA0000F995B1A4345F0DCFDE64FF0000804F176
:104AB0001909F4E72DE9F047164698468A680B690C
:104AC00007469342B8BF1346336091F843200C4623
:104AD000DDF820900AB1013333602368990642BFA4
:104AE000336802333360256815F0060506D104F1FA
:104AF000190AE36832689B1AAB422BDC94F8433006
:104B00002268003B18BF0123920630D44146384644
:104B100004F14302C847013023D02368226903F01F
:104B20000603042B14BF002533684FF0000608BFAE
:104B3000E56804F11A0408BFED1A54F8123C08BFE6
:104B400025EAE5759342C4BF9B1AED18B5421AD108
:104B5000002008E00123524641463846C84701304C
:104B600003D14FF0FF30BDE8F0870135C1E73020B9
:104B7000E11881F843005A1C94F84510224402338E
:104B800082F84310C2E70123224641463846C8470F
:104B90000130E6D00136D9E72DE9FF470F7E914677
:104BA000782F80460C469A460C9E01F1430207D8A6
:104BB000622F0AD8002F00F0D180582F00F0B88063
:104BC00004F1420684F842703AE0A7F16303152B22
:104BD000F6D801A151F823F0314C0008454C0008EB
:104BE000C14B0008C14B0008C14B0008C14B000875
:104BF000454C0008C14B0008C14B0008C14B0008E0
:104C0000C14B0008434D00086F4C0008FD4C0008E4
:104C1000C14B0008C14B0008654D0008C14B00089E
:104C20006F4C0008C14B0008C14B0008054D00083F
:104C300033681A1D1B68326004F1420684F8423062
:104C400001239CE033682068191D3160060601D5F8
:104C50001D6803E04506FBD5B3F90050002D03DACB
:104C60002D236D4284F843300A23584811E021680F
:104C70003368080653F8045B02D4490648BFADB256
:104C80006F2F336014BF0A2308235048002184F893
:104C900043106668002EA66005DB21682E4321F0D4
:104CA000040121604BD01646B5FBF3F103FB11570D
:104CB000C75D06F8017D2F46BB420D46F4D9082B8F
:104CC0000BD12368DF0708D5236961689942DEBFED
:104CD000302306F8013C06F1FF36921B22614B4659
:104CE00021464046CDF800A003AAFFF7E3FE0130BD
:104CF0004AD14FF0FF3004B0BDE8F087236843F09D
:104D0000200323607827324884F84570236831688F
:104D10001F0651F8045B02D45F0648BFADB2316094
:104D2000D90744BF43F0200323601DB11023ADE732
:104D30002648E9E7236823F020032360F6E71646B8
:104D4000BDE733682568181D616930602E061B6851
:104D500001D5196002E06806FBD5198000231646CC
:104D60002361BCE7336800211A1D32601E68626847
:104D7000304600F016FC08B1801B60606368236158
:104D8000002384F84330AAE7324649464046236967
:104D9000D0470130ADD023689B0713D4E068039B54
:104DA0009842B8BF1846A6E7012332464946404616
:104DB000D04701309DD00135E36803995B1AAB42BF
:104DC000F2DCEBE7002504F11906F5E7DC8C0008BE
:104DD000ED8C00082DE9F04F87B003938B68914666
:104DE0005A1EB2F5AE7F82BF6FF4AE7503EB050BB2
:104DF00040F25D130A464FF0000588BF8B600B68D8
:104E0000804643F4F06342F81C3B0C4698BF4FF0D9
:104E1000000B1646AA462F46CDE90455019202958D
:104E2000A2685AB1D9F800301B784E2B62D8402BBB
:104E30003AD8A3F12B01C8B20E2838D91FB1236884
:104E400023F4807323600AF1FF3ABAF1010F00F2F4
:104E50001481019B9E4200F20581012007B0BDE84C
:104E6000F08FA3F161020D2AE8D801A151F822F0D8
:104E7000B94F00083D4E00083D4E00083D4E000869
:104E800015500008EF4F00083D4E00083D4E000849
:104E9000C74F00083D4E00083D4E00083D4E00083B
:104EA0003D4E0008834F0008A3F14102DBE70E29C5
:104EB000C4D801A050F821F0734F00083D4E0008FF
:104EC000734F0008035000083D4E0008154F0008BE
:104ED000594F0008594F0008594F0008594F000812
:104EE000594F0008594F0008594F0008594F000802
:104EF000594F00086E2B09D8602BB2D8542B7BD0A9
:104F0000592B9BD1072D99D108252FE0742B73D0F5
:104F1000792BF6E72168C8051ED521F080012160B4
:104F20000137BBF1000F03D001320BF1FF3BA26050
:104F3000A368013BA360236901332361D9F80430DE
:104F4000013B002BC9F8043040F38380D9F80030CE
:104F50000133C9F8003063E71AEB05017FF46EAF47
:104F60000D468A46226822F4C072226006F8013B90
:104F7000DEE7226810067FF561AF22F08002226032
:104F8000F4E7BAF1000F0CD177B9226802F4E061BE
:104F9000B1F5E06F08D122F4F0624FF0010A22600F
:104FA000E4E7BAF1020F51D0012D02D0042D7FF4B5
:104FB00045AF0135EDB2D9E7BAF1010F7FF43EAF4D
:104FC0004FF0020AD2E775B9002F7FF438AF22689C
:104FD00002F4E061B1F5E06F40F0FF8022F4F0628E
:104FE00001252260C2E7032DE3D0052DDFE7022D66
:104FF0007FF424AF0325B9E7062D7FF41FAF072503
:10500000B4E7226891057FF519AF22F4207222607F
:105010000297ABE7226802F4A061B1F5806F05D07A
:1050200050057FF50BAF002F00F0D780910558BFDA
:10503000029922F4F06258BF791A42F4C0724FF01C
:10504000000758BFCDE9041622608FE74FF0030A2E
:105050008CE749464046D4F88031984700283FF411
:10506000DFAEEBE6D4F87C314A46404616F8011D27
:1050700098472369013B2361EBE66B1E062B24D87E
:10508000022D36D8019B9E427FF6E7AED4F87C31E4
:105090004A46404616F8011D98472369013B2361A3
:1050A000F0E7D4F87C314A4640461BF8011D98478A
:1050B0002369013B23610AF1FF3A5FFA8AFABAF1E8
:1050C000020FEED1033DEDB2761B2368DA0530D531
:1050D0005B0511D5019B9E427FF6BFAED4F87C31B3
:1050E0004A46404616F8011D98472369013B236153
:1050F000F0E7AA46B346DEE716F8011C23696529E6
:1051000003F1FF3306F1FF3523610CD045290AD0A6
:10511000D4F87C314A4640469847236916F8021C69
:10512000013BB51E23614A464046D4F87C3198477E
:105130002E46226812F0100201D000208EE6327056
:10514000236803F4C063B3F5806F25D1029B9F42AF
:105150000AD0DA1B04F26F139E4228BF04F5B7761B
:1051600030461F4900F038F900224046019902F00C
:105170001FFC039B25681B6815F0020F06460F46AF
:1051800003F1040215D003990A601B68C3E90067A4
:10519000E3680133E360D0E7049B002BE4D005997A
:1051A0000A234046013102F083FC049B059EC21A8B
:1051B000D0E76D07E7D4039D2A601D6802460B46C1
:1051C000FBF724FC20B1074800F0FAF92860DFE77C
:1051D00030463946FBF778FCF8E7002733E600BF96
:1051E000FE8C00083F8E0008002310B50446C0E97D
:1051F0000033C0E90433836081814366C2818361E7
:10520000194608225C3000F04CF90D4B24626362B1
:105210000C4BA3620C4BE3620C4B23630C4B9C4284
:1052200006D003F16802944202D0D0339C4205D1EB
:1052300004F15800BDE8104000F0B0B910BD00BF47
:105240001D5400083F540008775400089B54000880
:1052500020030020024A0349034800F069B800BF58
:105260000C000020657E00081C00002041680C4BEB
:1052700010B59942044601D002F0F4FDA168094B33
:10528000994202D0204602F0EDFDE168064B9942BA
:1052900004D02046BDE8104002F0E4BD10BD00BFC0
:1052A0002003002088030020F003002010B50B4BE2
:1052B0000B4C0C4A20461A6004210022FFF794FF91
:1052C00004F1680001220921FFF78EFF04F1D000EC
:1052D0000222BDE810401221FFF786BF58040020CB
:1052E0002003002055520008014800F058B900BFC3
:1052F00061040020014800F053B900BF61040020A0
:1053000010B50446FFF7F0FF236A1BB1BDE810405B
:10531000FFF7F0BF044B2362044B1B68002BF5D151
:10532000FFF7C4FFF2E700BF6D52000858040020E9
:105330002DE9F8430746884614460026D4E901952E
:10534000B9F1010905D52468002CF7D13046BDE834
:10535000F883AB89012B07D9B5F90E30013303D09F
:1053600029463846C04706436835E9E70CB430B5EE
:10537000184B0C1E1D689DB008DA8B234FF0FF30D0
:105380002B601DB0BDE8304002B070474FF402738F
:10539000ADF814304FF000031B930CBF234604F10B
:1053A000FF33049307934FF6FF7302900690ADF816
:1053B0001630284621AB209A02A9019302F0D6FBB1
:1053C000431CBCBF8B232B60002CDAD00022029B35
:1053D0001A70D6E7180000200EB46FF0004110B527
:1053E00000249DB01FAB02900690079104910948DC
:1053F000094953F8042B0591006802A901931B94F5
:1054000002F0B4FB029B1C701DB0BDE8104003B05D
:10541000704700BF180000200802FFFF10B50C46BF
:10542000B1F90E1000F06CF80028ABBF636DA389D2
:105430001B1823F48053ACBF6365A38110BD2DE915
:10544000F0411F468B890546DB050C46164605D5FF
:1054500002230022B1F90E1000F040F8A389324671
:1054600023F48053A38128463B46B4F90E10BDE8CF
:10547000F04100F057B810B50C46B1F90E1000F02D
:105480002DF8431CA38915BF606523F4805343F4B2
:105490008053A38118BFA38110BDB1F90E1000F095
:1054A0000DB803460244934200D1704703F8011B34
:1054B000F9E70000004870475801002038B5002384
:1054C000054D044608462B60FCF741F9431C02D108
:1054D0002B6803B1236038BD5C04002038B5044656
:1054E000084611460022054D2A601A46FCF753F97A
:1054F000431C02D12B6803B1236038BD5C0400203B
:1055000038B50446084611460022054D2A601A4661
:10551000FCF7E4F8431C02D12B6803B1236038BDCB
:105520005C04002038B50446084611460022054DAB
:105530002A601A46FCF7EFF8431C02D12B6803B12E
:10554000236038BD5C040020014B1868704700BF21
:105550001800002070B500260C4D0D4C641BA410E3
:10556000A64209D103F06AFB00260A4D0A4C641BCF
:10557000A410A64205D170BD55F8043B98470136EA
:10558000EEE755F8043B98470136F2E7FC90000837
:10559000FC900008FC9000080091000870477047DC
:1055A0007047034610B5C9B202449342184601D170
:1055B000002003E0047801338C42F6D110BD0000D6
:1055C000004870470000C07F2DE9F74F03690C6960
:1055D0000746A3427EDB013CA30000F1140501F164
:1055E0001408009305EB8403019358F8243055F810
:1055F000242001339A42B2FBF3F608EB84092ED340
:105600004FF0000AC446AE46D3465CF8043B98B25D
:1056100006FB00A01B0C020C06FB0323DEF8002097
:1056200080B292B2121A5A44DEF800004FEA134ACE
:105630009BB2C3EB224303EB104392B242EA034214
:10564000E1454FEA234B4EF8042BDED2009BEB588A
:105650002BB9019B043B9D421A462FD33C6138462F
:1056600001F0C8F9002825DB2946002058F8042B52
:10567000D1F800C01FFA82FE1FFA8CF3A3EB0E03D1
:105680000344120CC2EB234202EB1C429BB243EADE
:105690000243C1454FEA224041F8043BE6D255F8A7
:1056A000242005EB840322B9043B9D421A460BD308
:1056B0003C610136304603B0BDE8F08F1268043B10
:1056C000002ACBD1013CC6E71268043B002AEFD187
:1056D000013CEAE70020EEE72DE9F04F14461D46B5
:1056E000C76997B08146CDE90645239E7FB9102052
:1056F00000F00EFE0246C9F81C0020B9EF21AC4BA9
:10570000AC4802F027FCC0E901770760C760D9F810
:105710001C30196859B15A68012393404A608B6064
:10572000484600F0EBFE0022D9F81C301A602B1E10
:10573000AFBF0023012223F000430793A8BF3360CB
:10574000DDF81C809C4BB8BF326033EA080312D1ED
:1057500042F20F73229A1360C8F31303234300F03D
:105760005E85249BDFF854A2002B00F060850AF1CF
:10577000030300F05ABDDDE90623CDE90C23DDE982
:105780000C0100220023FBF70FF9074658B1012353
:10579000229A1360249B13B1894B249A1360DFF87B
:1057A00024A200F044BD14AB019315AB009348460E
:1057B000DDE90C2301F036FAC8F30A560390002EF7
:1057C00078D0DDE90C010D9BA6F2FF36C3F313037D
:1057D00043F07F5343F440131297194600227A4B4B
:1057E000FAF7C2FC6CA3D3E90023FAF775FE6CA3A9
:1057F000D3E90023FAF7BAFC044630460D46FAF71F
:1058000001FE69A3D3E90023FAF766FE02460B46C0
:1058100020462946FAF7AAFC04460D46FBF70CF988
:1058200000220746002320462946FBF7C7F840B16F
:105830003846FAF7E7FD22462B46FBF7B5F800B9E4
:10584000013F162F54D8DDE90C01604B03EBC70371
:10585000D3E90023FBF7B2F800284BD00023013F27
:105860000F93149B9B1B5A1E49BFC3F101030023D6
:1058700004930023099254BF04930993002F3BDB48
:10588000099B0E973B44099300230A93209B092B05
:1058900065D8052BC4BF043B2093209BC8BF0024C0
:1058A000A3F10203D8BF0124032B64D8DFE803F07F
:1058B0005355382CDDE914631E4406F23243202B85
:1058C000C1BFC3F1400308FA03F806F2124324FAF9
:1058D00003F3D6BFC3F1200348EA030004FA03F040
:1058E000FAF780FD0122A1F1F873013E129274E7EC
:1058F0000123B5E70F90B4E7049BDB1B04937B42C5
:105900000A9300230E93C1E701230B93219B07EB1E
:10591000030B0BF10103012B0893B8BF012306E031
:1059200001230B93219B002B28DD9B46089300212C
:105930000422D9F81C0002F114059D4226D94160C9
:10594000484600F09BFD8246002843D1024640F2C3
:10595000AF111F4BD4E60023E3E70023D5E7012472
:1059600000230B9420934FF0FF3B00221223CDF82D
:1059700020B02192DBE701230B93F4E74FF0010BFA
:105980005B46CDF820B0CDF884B0D0E701315200AD
:10599000D1E700BFAFF3008061436F63A787D23FB9
:1059A000B3C8608B288AC63FFB799F501344D33F0E
:1059B000108D0008278D00080000F07F0C8D000876
:1059C000DB8C0008DA8C00080000F83FD88E000855
:1059D0007F8D0008D9F81C301860089B0E2B00F250
:1059E000A180002C00F09E80002F33DD9C4B07F03F
:1059F0000F0203EBC203F805D3E90034CDE91034FC
:105A00004FEA271416D5DDE90C01964B0326D3E99E
:105A10000823FAF78BFECDE9060104F00F04914D3F
:105A200054B9DDE91023DDE90601FAF77FFECDE97F
:105A3000060128E00226F2E7E10708D5DDE91001BA
:105A4000D5E90023FAF748FDCDE9100101366410CD
:105A50000835E5E700F0AF80DDE90C017C42804BC2
:105A600004F00F0203EBC203D3E90023FAF734FD7D
:105A700002260023CDE906017A4D2411002C40F0C6
:105A80008F80002BD3D1DDE906450F9B002B00F062
:105A90009480002220462946734BFAF78FFF002896
:105AA00000F08B80089B002B00F08780BBF1000F7B
:105AB00034DD2046002229466C4BFAF70DFD5C468A
:105AC000CDE9060107F1FF3801363046FAF79AFCB6
:105AD000DDE90623FAF700FD0022654BFAF746FBE5
:105AE0000546A1F15076002C6AD1DDE906010022BD
:105AF000604BFAF739FB02460B46CDE906232A46EE
:105B00003346FAF779FF002840F09882DDE9060174
:105B10002A4606F10043FAF751FF38BBDDE90C34A1
:105B2000CDE90634159B002BC0F257810E2F00F3F0
:105B300054814B4B03EBC703D3E90034CDE9043464
:105B4000219B002B80F2E580089B002B00F3E18075
:105B50000CD1DDE904010022464BFAF7BDFCDDE97A
:105B60000623FAF73FFF002800F06682002425464E
:105B7000219B56466FEA030800272146484600F05D
:105B8000BDFC002D00F0BD802FB1AF4203D03946DF
:105B9000484600F0B3FC2946484600F0AFFCB0E0B0
:105BA000E20705D5D5E90023FAF796FC0123013673
:105BB0006410083562E7022665E7B846089C84E76A
:105BC000274B0B9903EBC40353E9022354440029E8
:105BD00054D000202849FAF7A9FD33462A46FAF79F
:105BE000C3FA5646CDE91001DDE90601FAF724FFB4
:105BF0000546FAF707FC02460B46DDE90601FAF70F
:105C0000B3FA02460B463035CDE90623DDE9102311
:105C100006F8015BFAF7D2FE002872D1DDE906230F
:105C200000201149FAF7A0FADDE91023FAF7C6FEC1
:105C3000002840F0B480A6423FF470AFDDE91001C7
:105C400000220A4BFAF748FC0022CDE91001DDE9F9
:105C50000601064BFAF740FCCDE90601C4E700BF98
:105C6000D88E0008B08E00080000F03F00002440ED
:105C700000001C40000014400000E03F3146284670
:105C8000FAF72AFC5646CDE910011394DDE9060126
:105C9000FAF7D2FE0546FAF7B5FB02460B46DDE9F8
:105CA0000601FAF761FA02460B46303506F8015B49
:105CB000A642CDE906234FF0000224D1DDE9100110
:105CC000AE4BFAF753FA02460B46DDE90601FAF746
:105CD00093FE002863D1DDE910230020A749FAF7DD
:105CE00043FA02460B46DDE90601FAF767FE002893
:105CF0003FF414AF139E731E139316F8013C302B20
:105D0000F8D047463BE09E4BFAF7E6FBCDE90601AB
:105D1000BCE75646DDE90645DDE904232046294671
:105D2000FAF704FDFAF788FE8046FAF76BFBDDE927
:105D30000423FAF7D1FB02460B4620462946FAF720
:105D400013FA08F13004089D06F8014BA6EB0A048B
:105D5000A54202460B4633D1FAF708FADDE90423DF
:105D600004460D46FAF748FEC0B9DDE90423204693
:105D70002946FAF719FE10B118F0010F0ED1484666
:105D8000039900F0BBFB00233370229B01371F6097
:105D9000249B002B00F04B821E6048E2B84633463D
:105DA0001E4613F8012D392A06D19A45F8D1302222
:105DB00008F101088AF800201A7801321A70A0E769
:105DC00000226F4BFAF788FB0022002304460D46A1
:105DD000FAF7EAFD00289FD0D1E70B9A002A00F0DD
:105DE000EA80209A012A00F3CD80129A002A00F05E
:105DF000C18003F233430A9C049E049A01211A4491
:105E00000492099A48461A44099200F075FC054626
:105E100066B1099B002B09DDB342A8BF3346049A43
:105E2000F61AD21A0492099AD31A09930A9B0BB351
:105E30000B9B002B00F0C680002C00F0C080294690
:105E40002246484600F010FD039A014605464846A2
:105E500000F068FC03998046484600F04FFB0A9B1F
:105E60001B1B0A9300F0B18041460A9A484600F095
:105E7000FBFC03900121484600F03EFC0E9B0446CB
:105E8000002B00F0D8811A460146484600F0ECFC91
:105E9000209B0446012B00F39F80069B002B40F0C3
:105EA0009780079BC3F31303002B40F09380079B5D
:105EB00023F000431B0D1B0533B1049B01330493F6
:105EC000099B0133099301230A930E9B002B00F0D9
:105ED000B881236904EB8303186900F0C1FBC0F1AA
:105EE0002000099B184410F01F0000F08280C0F1D0
:105EF0002003042B73DD049BC0F11C0003440493B6
:105F0000099B064403440993049B002B05DD1A46B4
:105F10004846039900F002FD0390099B002B05DD24
:105F200021461A46484600F0F9FC04460F9B002B18
:105F300061D02146039800F05DFD00285BDA002364
:105F40000A224846039900F0FBFA0B9B07F1FF3841
:105F50000390002B00F07781294600230A2248464F
:105F600000F0EEFABBF1000F05466FDC209B022B20
:105F700049DC6BE0149BC3F136033CE70000E03FD3
:105F800000002440089B5C1E0A9BA34209DB1C1BEB
:105F9000089B002BBFF630AF049B089A9E1A002383
:105FA0002BE70A9B0E9AE31A1A440A94049E0024D3
:105FB000089B0E9221E70A9C049E0B9D28E7DDF8C2
:105FC0000C8051E70A9A039950E7CDF80C8051E70D
:105FD000002379E7069B77E700230A9379E793D0BC
:105FE000049A1C331A440492099A1E441A440992D2
:105FF0008AE70346F4E7089BB846002B20DC9B4663
:10600000209B022B1EDDBBF1000F7FF4B1AD2146BA
:106010005B460522484600F093FA01460446039881
:1060200000F0E8FC00287FF7A3AD5646312308F1C5
:10603000010806F8013B9FE5B846089C2546F4E7B1
:10604000DDF820B00B9B002B00F00181002E05DD58
:1060500029463246484600F061FC05460A9B002B63
:106060005CD04846696800F009FA064628B902463D
:1060700040F2EF21804BFFF743BB2A6905F10C0189
:10608000023292000C3001F051FF012231464846A5
:1060900000F044FC2F4605460AF1010304930AEB85
:1060A0000B030A93069B03F001030993049B21460B
:1060B000039803F1FF3BFFF787FA03463946303375
:1060C000069003980B9300F095FC2A460890214611
:1060D000484600F0ABFCC26806460B9B02BB01467B
:1060E000039800F087FC02460B9B31464846CDE9F9
:1060F0000B3200F003FA209B0C9A049E42EA030143
:10610000099B19430B9B0DD1392B27D0089A002AE4
:1061100001DD069B31338BF800302EE52846B9E7C8
:106120000122E2E70899002904DB2098014309983D
:10613000014320D1002AEEDD012203994846049351
:1061400000F0ECFB2146039000F054FC0028049B77
:1061500002DCE0D1DA07DED5392BDAD139238BF82E
:10616000003033461E4616F8012C013B392A4ED02A
:1061700001321A7001E5002A03DD392BEED001331C
:10618000C9E7049A0A9902F8013C8A4228D0002300
:106190000A220399484600F0D3F9AF4203904FF02A
:1061A00000034FF00A023946484607D100F0C8F90B
:1061B00007460546049B0133049377E700F0C0F9D6
:1061C0002946074600230A22484600F0B9F9054649
:1061D000F0E7BBF1000FCCBF5E4601260027564416
:1061E000012203994846049300F098FB214603904E
:1061F00000F000FC0028B4DC02D1049BDB07B0D423
:1062000033461E4613F8012D302AFAD0B5E49A45DC
:10621000A8D1312308F101088AF80030ADE4249BAD
:10622000DFF858A01BB10AF10803249A1360504606
:1062300017B0BDE8F08F209B012B7FF72EAE0E9B91
:106240000A9301204DE6BBF1000F7FF7D9AE564609
:1062500021460398FFF7B8F900F1300306F8013B37
:10626000A6EB0A029345B4DD00230A2248460399AF
:1062700000F066F90390EBE77F8D0008038D0008BE
:1062800038B50546002940D051F8043C0C1F002BBE
:10629000B8BFE41800F0E6F81C4A136833B963602D
:1062A00014602846BDE8384000F0E2B8A34208D99F
:1062B000206821188B4201BF19685B6809182160AA
:1062C000EDE71A465B680BB1A342FAD91168501882
:1062D000A0420BD120680144501883421160E0D1E4
:1062E00018685B68084410605360DAE702D90C2331
:1062F0002B60D6E7206821188B4201BF19685B68C4
:106300000918216063605460CBE738BD6804002041
:10631000024B0146186800F025B800BF18000020A5
:1063200070B50F4E0C463168054611B901F0EEFD0F
:1063300030602146284601F0E9FD431C03D14FF0AF
:10634000FF34204670BDC41C24F00304A042F8D0E2
:10635000211A284601F0DAFD0130F2D1EFE700BF43
:10636000640400202DE9F843CD1C25F00305083511
:106370000C2D38BF0C25002D064601DBA94204D99F
:106380000C2333600020BDE8F883DFF8D48000F0F0
:1063900069F8D8F800301C4644BB29463046FFF760
:1063A000BFFF431C044658D1D8F800402746002FB1
:1063B00043D1002C4BD023683946304604EB030907
:1063C00001F0A4FD814542D1216830466D1A29466D
:1063D000FFF7A6FF01303AD023682B442360D8F89A
:1063E00000305A6862BBC8F800700FE02268521B88
:1063F00020D40B2A17D96119A342256018BF596010
:10640000636808BFC8F8001062514B60304600F066
:106410002FF804F10B00231D20F00700C21A1CBF47
:106420001B1AA350AFE76268A3420CBFC8F8002054
:106430005A60EBE723466468AEE73C467F68B6E700
:106440001A465B68A342FBD100235360DEE70C23AE
:106450003046336000F00CF894E70560D6E700BFE3
:10646000680400200148FFF79AB800BF60040020CC
:106470000148FFF795B800BF6004002070B5C669F9
:1064800004460D4676B91020FFF742FF0246E06150
:1064900020B96B21174B184801F05CFDC0E901667B
:1064A0000660C660E669F36883B1E369DB6853F8A8
:1064B0002500B8B9012101FA05F6721D20469200A7
:1064C00001F066FD60B1C0E901560EE02122042111
:1064D000204601F05DFDE369F060DB68002BE4D14C
:1064E000002070BD026843F825200023C0E9033373
:1064F000F7E700BF108D0008908D000870B5C669E1
:1065000005460C4676B91020FFF702FF0246E86107
:1065100020B98F21084B094801F01CFDC0E9016634
:106520000660C6603CB1EB696268DB6853F8221014
:10653000216043F8224070BD108D0008908D000846
:106540002DE9F04107460C461E4600200D6901F179
:10655000140CDCF80030013099B202FB01611E0C12
:106560000B0C02FB063389B201EB034185424FEA73
:1065700013464CF8041BECDC0EB3A368AB4219DCE9
:10658000616838460131FFF779FF804628B9024635
:10659000BA210C4B0C4801F0DDFC226904F10C011E
:1065A000023292000C3001F0C1FC21463846FFF760
:1065B000A5FF444604EB850301355E612561204655
:1065C000BDE8F0817F8D0008908D00082DE9F8432B
:1065D000154609221F4608330C4693FBF2F3064684
:1065E000012200219A4209DB3046FFF747FF40B9FC
:1065F0000246D321184B194801F0ACFC520001317E
:10660000F0E7089B092D43614FF00103036116DD9C
:1066100004F10909C8462C4418F8013B01460A2236
:106620003046303BFFF78CFFA045F5D1A5F10804BB
:106630004C442D1B6319BB4204DBBDE8F8830925DC
:106640000A34F6E714F8013B01460A223046303B93
:10665000FFF776FFEEE700BF7F8D0008908D000802
:106660000346B0F5803F3ABF030410200020B3F189
:10667000807F3CBF1B020830B3F1805F3CBF1B0131
:106680000430B3F1804F3CBF9B000230002B05DB90
:1066900013F0804F00F1010008BF2020704703680D
:1066A000024613F007000BD0D90721D4980749BF41
:1066B0005B089B08012013605CBF022013607047D9
:1066C00099B209B910201B0CD9B209B908301B0ABC
:1066D000190704BF1B090430990704BF9B08023047
:1066E000D90703D45B0800F1010003D013607047A1
:1066F000002070472020704710B50C460121FFF79D
:10670000BDFE024628B940F24511044B044801F091
:1067100021FC01234461036110BD00BF7F8D00088F
:10672000908D00082DE9F04F17460A693B698946AC
:106730009A42A2BF3B460F4699463D69D9F810A040
:10674000BB68796805EB0A06B34285B0B8BF013172
:10675000FFF794FE30B902464FF4B171404B414807
:1067600001F0F8FB00F114042346002204EB860E2E
:10677000734520D307F1140809F1140108EB8505CE
:1067800001EB8A030293EB1B153B23F00303043355
:106790001537BD4238BF04230193029B03918B42FE
:1067A0000CD8002E03DD5EF8043D002B55D00661A9
:1067B00005B0BDE8F08F43F8042BD9E7B1F800A08D
:1067C000BAF1000F1FD0C446A14600275CF8042B85
:1067D000D9F800301FFA82FB9BB20AFB0B333B4413
:1067E000D9F80070120C3F0C0AFB027202EB134244
:1067F0009BB243EA024365454FEA124749F8043B1E
:10680000E4D8019BE750039B0431B3F80290B9F13F
:10681000000F20D04746A4464FF0000A2368B7F87F
:1068200000B0BCF802209BB209FB0B22524443EAA1
:1068300002434CF8043B57F8043B4FEA134ABCF8B8
:106840000030BD4209FB0A3303EB12434FEA134AFF
:10685000E5D8019AA35004349FE7013EA1E700BFA9
:106860007F8D0008908D00082DE9F843154612F041
:10687000030207460E4607D0254C013A002354F880
:106880002220FFF75DFE0646AD103DD0FC697CB9C5
:106890001020FFF73DFD0246F86128B940F2B31120
:1068A0001C4B1D4801F056FBC0E901440460C46064
:1068B000D7F81C80D8F808404CB940F2712138460E
:1068C000FFF71AFF00230446C8F8080003604FF0E2
:1068D0000009EB070AD5314622463846FFF722FF6A
:1068E000804631463846FFF709FE46466D100BD00C
:1068F000206838B9224621463846FFF713FF20604A
:10690000C0F800900446E4E73046BDE8F88300BFD5
:10691000A08E0008108D0008908D00082DE9F0472A
:106920000C46074691462369496803EB6218A36841
:106930004FEA621A08F10106B3420BDB3846FFF753
:106940009DFD054648B902464FF4EF71274B284894
:1069500001F000FB01315B00EEE7002300F11401C0
:1069600000F110021846534533DB20692AEAEA7A1F
:1069700004F1140319F01F0901EB8A0103EB800CE9
:106980002BD08A460022C9F1200E186800FA09F0BF
:1069900010434AF8040B53F8042B9C4522FA0EF2DC
:1069A000F3D8ACEB0403153B23F00303043304F1E9
:1069B0001500604588BF0423CA500AB108F10206D9
:1069C000013E384621462E61FFF798FD2846BDE876
:1069D000F08742F8040F0133C5E7043953F8042B5C
:1069E0009C4541F8042FF9D8EAE700BF7F8D0008E5
:1069F000908D000803460A69006930B5801A0ED1EF
:106A00001433143103EB820401EB820154F8045D6A
:106A100051F8042D954203D005D24FF0FF3030BD20
:106A2000A342F3D3FBE70120F9E700002DE9F74F7C
:106A300089460646114648461446FFF7DBFF051E09
:106A400012D129463046FFF719FD024628B940F217
:106A500037213E4B3E4801F07DFA0123C0E9043561
:106A6000104603B0BDE8F08FBCBF4B46A146304690
:106A7000D9F80410BABF1C4601250025FFF7FEFC1B
:106A8000024618B940F24521304BE3E700F1140B00
:106A9000D9F8107009F11003C5604FF0000C09F12E
:106AA0001405D946266904F1140E05EB87080EEB90
:106AB00086060193019B5EF8040B53F804AF81B284
:106AC00001931FFA8AF35B1A000C6344C0EB1A406F
:106AD00000EB23409BB243EA004376454FEA204C4B
:106AE00049F8043BE6D8331B153B23F00303153468
:106AF0000433A64238BF04231D445B441E462C4683
:106B000044450ED308F10301491B21F00301033D65
:106B1000A84538BF00210B4453F8041D99B11761F3
:106B20009EE7E64654F8041B1FFA81FCF444080C67
:106B3000714400EB2C4089B241EA00414FEA204CFD
:106B400046F8041BDCE7013FE6E700BF7F8D000845
:106B5000908D00080E4B0B40A3F15073002B08DC06
:106B60005B42B3F1A07F4FEA235204DA4FF40023D3
:106B70001341002208E0A2F114031E2BD6BF4FF0F0
:106B800000420122DA40002319461046704700BF38
:106B90000000F07F0269F8B500F1140606EB8202EE
:106BA00052F8044C1E4F2046FFF75AFD0346C0F131
:106BB00020000A2BA2F10405086012DCAE422CBFB3
:106BC000002252F8082CC3F10B0C153324FA0CFEEA
:106BD00004FA03F322FA0CF24EEA07011A431046B4
:106BE000F8BDAE4236BFA2F10805002252F8082CCB
:106BF0000B3B12D0C3F1200722FA07F19C400C4353
:106C0000B54244F07F5194BF002455F8044C9A409B
:106C1000FC4041F440112243E1E744EA0701DEE78A
:106C20000000F03F2DE97343012190469946089EEC
:106C3000FFF724FC044630B9024640F20F31234BE3
:106C4000234801F087F9C9F30A55C9F313030DB1BD
:106C500043F480130193B8F1000324D068460093F5
:106C6000FFF71DFDDDE90012D8B1C0F1200302FAE3
:106C700003F30B43C24063610192019B002B0CBFE5
:106C800001220222A3612261ADB1A5F23345054480
:106C90003560C0F13500099B1860204602B0BDE8A0
:106CA00070836161E9E701A8FFF7F9FC019B01220C
:106CB00063612030E7E7A0F2324004EB82033060EA
:106CC0001869FFF7CDFCC0EB4210E4E77F8D0008A8
:106CD000908D00082DE9F04F85B0CDE9001002A994
:106CE000FFF758FF8B4606460F46009803A9FFF7AB
:106CF00051FF0D46019B89461969009B04461B699B
:106D00003046C91ADDE902329B1A03EB4113002B0E
:106D1000CDBF3A462A46C3EB033302EB035BD8BF31
:106D200002EB03594B4622465946F9F7FFFC05B0E2
:106D3000BDE8F08F013970B549111469013102F1D4
:106D4000140300EB810103EB8404051FA3420CD361
:106D5000A31A113B23F003031132A24288BF002380
:106D600018440023884205D370BD53F8046B45F8DE
:106D7000046FEBE740F8043BF4E700F1140200690C
:106D80004B11984210B511DB0ADD11F01F0107D03D
:106D900052F8234024FA01F000FA01F18C420BD1A1
:106DA00002EB8303934203D8002010BD0346F7E7AC
:106DB00053F8041D0029F5D00120F6E72DE9F04134
:106DC0000F469046FFF7C6FE04460D46B8F1000F89
:106DD00011D0C7F30A53C3F16B03002B0BDD002462
:106DE0001B0503F17F5505F5401522462B46F9F7A3
:106DF00073FB04460D4620462946BDE8F08100009D
:106E00002DE9F04F9FB0179200220C461A924FF0D6
:106E1000000A4FF0000B0A460590199211782B29B1
:106E200048D036D80D2930D8082930D8002939D093
:106E300000220E92199D2A78302A40F0B0806A789C
:106E400002F0DF02582A6CD102930E9B8F4A019305
:106E50001AAB009305981BAB19A901F015F910F0B6
:106E60000F06044605D0062E26D1002301351995BC
:106E70000E93179B002B40F082850E9BBBB15046B2
:106E80000BF100411FB0BDE8F08F2029D0D10132B5
:106E9000C3E72D29CCD101210E91511C19915278B3
:106EA000002AC7D1179B1994002B40F066855046E5
:106EB0005946E7E70021EFE71A9A3AB135211CA8B5
:106EC000FFF738FF1A990598FFF718FB013E1B9A48
:106ED000042E06D8DFE806F014031D201400DDE9B7
:106EE0001CABE10548BF4BF0004B2BF000431B0DE2
:106EF0001B05002BBDD1FEF727FB22230360B8E75B
:106F000002F23342DDE91CA323F4801343EA025B5F
:106F1000E7E7DFF87CB1E4E76FF0004B4FF0FF3AB2
:106F2000DFE7199B5A1C19925B78302BF9D0002BA4
:106F30009FD0012300270A22B9460893199B0B977B
:106F40000C9319980578A5F13003D9B2092928D9ED
:106F50000122504900F0C8FF002832D000202A4604
:106F600003464D460A90652A01D0452A14D11DB921
:106F7000089A024396D00025199C621C19926278E7
:106F80002B2A7AD02D2A7ED04FF0000CA2F13001AE
:106F9000092940F2858019944FF00008A5E00023EC
:106FA000C8E7B9F1080FD8BF0B9900F10100D6BFAF
:106FB00002FB013302FB07370B9309F1010919901A
:106FC000BFE7199B5A1C19925A78B9F1000F3BD0B0
:106FD0004D460A90A2F13003092B12D90123C2E7D2
:106FE000199B01305A1C19925A78302AF8D0A2F114
:106FF0003103082B00F2C8840A9000200546199B33
:107000000C93303A00F1010318D02E464FF00A0ECF
:107010000A9919440A91711CA1EB050C634515DC12
:1070200020EAE0702B18082B05F1010505441ADC55
:107030000A230B9903FB01230B930023199A18468B
:10704000511C19915278C5E74846CEE7082E05DC59
:107050000B9E0EFB06F60B960E46DCE71029D8BFFA
:107060000EFB07F7F8E70F2BDCBF0A2303FB07270C
:10707000E3E700230A9301237AE74FF0000CA21CF8
:107080001992A27882E74FF0010CF8E7B48F00085C
:107090000000F07FE98D0008199A511C199152786F
:1070A000302AF9D0A2F1310108293FF675AF4FF02F
:1070B0000A08303A0992199A0F92199A561C199691
:1070C0005278A2F1300EBEF1090F39D90F9944F66A
:1070D0001F68761A082E03DC09998845A8BF8846E0
:1070E000BCF1000F01D0C8F10008002D4ED1089965
:1070F00008437FF4BEAE002B7FF4D4AE692A28D0BB
:1071000025DC492A25D04E2A7FF4CCAE994919A80E
:1071100001F0DCF900283FF4C5AE199B1B78282B41
:107120002ED195491CAA19A801F0E4F9052827D108
:107130001D9BDDF870A043F0FF4B4BF4E00B98E68D
:10714000099908FB0121A1F130020992B5E76E2AE5
:10715000DAE78A4919A801F0B9F900283FF4A2AE8C
:10716000199B8749013B19A8199301F0AFF910B990
:10717000199B013319934FF0000ADFF808B278E643
:10718000814800F0E1FE82468B4672E60A9BB9F127
:10719000000F08BFA946A8EB0303102D0B982C463F
:1071A0000993A8BF1024F9F71DF9092D82468B46D3
:1071B00011DC099B002B3FF45CAE099B76DD162B9E
:1071C0005DDC7249524601EBC3015B46D1E9000127
:1071D000F9F782F9D7E76D4B03EBC40353E91223A8
:1071E000F9F77AF9824638468B46F9F7FBF80246FA
:1071F0000B4650465946F8F7B9FF0F2D82468B468D
:10720000D7DD099B2C1B1C44002C40F3938014F009
:107210000F030AD05D49524601EBC301D1E90001D9
:107220005B46F9F759F982468B4634F00F0473D068
:10723000B4F59A7F49DD0024A046A1460B94222391
:107240004FF0000A059ADFF83CB113600B9B002B4E
:107250003FF40FAE1A990598FFF750F94946059883
:10726000FFF74CF941460598FFF748F90B99059847
:10727000FFF744F921460598FFF740F9F9E5099A27
:10728000C5F125039342BCDB404CC5F10F0504EB6F
:10729000C5015246D1E900015B46F9F71DF9099B8A
:1072A0005D1B04EBC504D4E9002391E71633A8DB8A
:1072B0000A9B5046A3EB0808344B594603EBC80819
:1072C000D8E90023F9F732FA5DE700235046594622
:1072D0001E462F4F2411012C21DC0BB182468B4618
:1072E0002B49ABF1547B01EBC6015246D1E90001B9
:1072F0005B46F9F7F1F8234B0A460B4025498246D5
:107300008B4298D8A1F580118B4286BF4FF0FF3A8F
:10731000DFF884B002F1547B0023089376E0E207A3
:1073200004D5D7E90023F9F7D7F801230136641013
:107330000837D0E7F0D0644214F00F020AD0134BA4
:10734000504603EBC2035946D3E90023F9F7EEF99F
:1073500082468B462411DFD01F2C1FDD0024A0465F
:10736000A1460B942223059A4FF0000A4FF0000B20
:1073700013606BE7D78C0008A08F0008CF8C000843
:10738000068D00080000F07F3F8E0008D88E0008B0
:10739000B08E00080000A07CFFFFEF7F14F0100308
:1073A00018BF6A235046089359460023774EE707D3
:1073B00004D5D6E90023F9F78FF80123641006F10C
:1073C0000806F4D10BB182468B46089BB3B1CBF3D0
:1073D0000A52C2F16B03002B59460FDD1F2B58DDFB
:1073E000342BD8BF4FF0FF334FF0000ACFBF4FF020
:1073F0005C7BC2F14B02934003EA010B00220023A5
:1074000050465946F9F7D0FA0028A7D10B9B4A46B7
:1074100000930C992B460598FFF7D8F80B9000289D
:107420003FF409AF0024099A0A9B002AA3EB080342
:10743000A8BF0023A046129322EAE27316930B9B87
:1074400005985968FFF71AF8814600283FF4F7AE0F
:107450000B9B0C301A6903F10C010232920000F010
:1074600065FD1CAB01931BAB009352465B46059830
:10747000CDE90CABFFF7D6FB1A9000283FF4DFAE46
:1074800001210598FFF738F9804648B94FF0000808
:10749000D5E64FF0FF3202FA03F303EA0A0AADE73A
:1074A0001B9D1C9A002DABBF129B169BEF185E1BF9
:1074B000089BA8BF169EA5EB03051544344B05F1A8
:1074C000FF35B8BF129F9D42C2F1360250DA5B1BF6
:1074D0001F2B4FF00101A2EB03023DDC01FA03F385
:1074E000139300231093BD18089BAF4216441E440B
:1074F0003B46A8BF2B46B342A8BF3346002BC2BFB2
:10750000ED1AF61AFF1A129B002B16DD41461A4699
:107510000598FFF7A9F980460028B7D001461A9AC6
:107520000598FFF7FFF80A9000283FF488AE1A99F3
:107530000598FEF7E3FF0A9B1A93002D1DDC099BBB
:10754000002B27DD4946169A0598FFF78DF98146ED
:1075500000BB4FF0000972E6C5F17F4505F57F05D8
:1075600005F57B45E23501FA05F310931391BAE76F
:107570000023109301231393B5E72A461A9905981F
:10758000FFF7CCF91A900028D9D158E6C88F000827
:1075900002FCFFFF002E07DD494632460598FFF743
:1075A000BDF981460028D4D0002F08DD41463A4677
:1075B0000598FFF7B3F9804600283FF440AE4A46ED
:1075C0001A990598FFF732FA044600283FF437AEBF
:1075D000C36841460F930023C360FFF70BFA0028EE
:1075E0003DDA0F9B53EA0A0363D1CBF31303002B5D
:1075F0005FD12BF000431B0D1B05B3F1D66F58D99B
:10760000636913B92369012B53DD214601220598D3
:10761000FFF784F941460446FFF7ECF9002848DDFE
:107620002BF00043089A1B0D1B05002A62D0B3F112
:10763000D66F5FD8B3F15C7F7FF694AE5046594663
:10764000A34B0022F8F748FFA24B82460B408B4623
:10765000002B7FF4FFAD2223059A1360FAE5CDF8E5
:1076600028B065D10F9ACBF313035AB39A4A9342C9
:107670002BD1089B514603B35A46964B1340B3F1A6
:10768000D46F4FF0FF321BD81B0DC3F16B0302FA0E
:1076900003F3994219D1914B0A9A9A4202D10131CE
:1076A0003FF4CDAD4FF0000A8A4B0A9A1A4002F51A
:1076B000801B089B002BC1D1CCE54FF0FF33E8E7DE
:1076C0001346E6E753EA0A03AAD0109BDBB10A9AF5
:1076D0001342EED00F9B50465946089ABBB1FFF7B4
:1076E0006DFB02460B46DDE90C01F8F73FFD8246D3
:1076F0008B46DEE7A3F580136FEA135B4FF0FF3A8A
:107700006FEA0B5BD5E7139B13EA0A0FE1E7FFF77C
:1077100055FB02460B46DDE90C01F8F725FD00227A
:10772000002382468B46F9F73FF90028C1D019E6BD
:1077300041462046FFF7CEFA00224FF0804306462E
:107740000F46F9F745F900286DD00F9B002B78D133
:10775000BAF1000F56D10A9BC3F31303002B58D183
:107760000022304639465E4BF9F728F9002857D1F8
:107770003046394600225B4BF8F7AEFE06460F4610
:1077800007F1004306960793DDE90623514DCDE945
:1077900010230A9B1D40544B9D4240F0AB800A9B36
:1077A0005046A3F1547B5946FFF7D4F9DDE906238F
:1077B000F8F792FE52465B46F8F7D8FC0B4645496F
:1077C0004A4A19409142824642D90D9A434B9A4205
:1077D00003D10C9B01333FF432AD4FF0FF3ADFF899
:1077E000FCB01A990598FEF789FE49460598FEF700
:1077F00085FE41460598FEF781FE21460598FEF775
:107800007DFE1CE6BAF1010F03D10A9B002B3FF469
:10781000A9AD0022364B0026CDE90623304FB3E751
:107820000026304FACE7304639462E4B0022F8F7A1
:1078300053FE0F9B06460F46002BA1D0CDE90667ED
:10784000A2E70022264B16461F46CDE906239BE7FA
:1078500003F1547B089BCDF828B0002BC1D12BF04D
:1078600000431B0D1B059D42BBD130463946F9F73D
:10787000D9FBF8F703FE02460B4630463946F8F7C7
:1078800073FC0B460246CBF31306CDE90C230F9B8A
:1078900046EA0A061E436AD009A3D3E90023F9F792
:1078A0008DF800287FF4D6AC07A3D3E90023DDE9E7
:1078B0000C01F9F7A1F8002893D0CBE4AFF30080D6
:1078C0009535A094FFFFDF3F35E5AF350000E03F81
:1078D000000050390000F07FFFFF0F00FFFFEF7F37
:1078E0000000F03F0000E03F0000E07FFFFF9F7CD2
:1078F0000000F0BF089B23B3B5F1D46F21D828A3B3
:10790000D3E9002330463946F9F762F8A0B1394689
:107910003046F9F7B9F8012838BF0120F8F762FDC1
:107920000F9B06460F46FBB901F1004314901593D7
:10793000DDE91423CDE91023119B03F1D6635B1B12
:107940001193DDE90C01DDE910ABFFF703F9024605
:107950000B4650465946F8F7BFFDDDE90C23F8F712
:1079600005FC82468B4675E7CDE91467E0E70EA378
:10797000D3E90023F9F722F89DE700230E93199B22
:10798000179A1360FFF779BA652A3FF472AB452A5C
:107990003FF46FAB0123FFF7AABB00BFAFF300803A
:1079A0000000C0FFFFFFDF419535A094FFFFCF3FF0
:1079B000014BFFF725BA00BF68000020242B2DE9FA
:1079C000F0478646904601D8012B06D1FDF7BCFD55
:1079D000162303600020BDE8F0870D4633482A4691
:1079E00015F8014B065D16F00806F8D12D2C10D1C4
:1079F00001262C78951C33F0100215D1302C0DD1B6
:107A00002A7802F0DF02582A08D16C780235102358
:107A10000AE02B2C04BF2C78951CECE7002BF6D148
:107A2000302C14BF0A230823002206F1004C0CF16D
:107A3000FF3CBCFBF3F9104603FB19CAA4F1300765
:107A4000092F0FD83C46A3421BDD571C07D08145A8
:107A500014D301D1A24511DB012200FB034015F82C
:107A6000014BEBE7A4F14107192F01D8373CEAE7B6
:107A7000A4F16107192F04D8573CE4E74FF0FF3217
:107A8000EDE7531C08D122236046CEF80030B8F150
:107A9000000FA0D0691E06E006B14042B8F1000F09
:107AA00099D0002AF6D1C8F8001094E7F18F0008A9
:107AB000FFF784BF2DE9F0471F468E688246BE421D
:107AC0000C4690460B682DD8B1F90C2012F4906F3B
:107AD00026D06569096905EB4505A3EB010905EBAE
:107AE000D5757B1C4B446D109D4238BF1D46530518
:107AF00027D52946FEF736FC064660B34A4621697B
:107B000000F014FAA38923F4906343F08003A38167
:107B100026614E4426603E466561A5EB0905A560D9
:107B2000BE4200D93E4632464146206800F0C2F9C6
:107B30000020A3689B1BA360236833442360BDE837
:107B4000F0872A4600F083FD06460028E0D1504623
:107B50002169FEF795FB0C23CAF80030A3894FF08A
:107B6000FF3043F04003A381E9E700002DE9F04F27
:107B700098468B8907461B060D4614469DB010D5C6
:107B80000B6973B94021FEF7EDFB2860286130B91D
:107B90000C233B604FF0FF301DB0BDE8F08F402359
:107BA0006B610023099320238DF8293030234FF097
:107BB0000109CDF80C80DFF898818DF82A30234632
:107BC0009A4613F8012B0AB1252AF9D1BAEB040B16
:107BD0000BD05B46224629463846FFF76BFF013043
:107BE00000F0A780099A5A4409929AF80030002BB5
:107BF00000F09F8000234FF0FF32CDE905230AF10A
:107C0000010A049307938DF853301A9354460522C2
:107C100014F8011B4E48FDF7C4FC049AD8B9D006ED
:107C200044BF20238DF85330110744BF2B238DF818
:107C300053309AF800302A2B15D0544600204FF0CC
:107C40000A0C079A214611F8013B303B092B4BD90E
:107C5000B0B1079214E0A0EB080309FA03F3134351
:107C6000A2460493D2E7039B191D1B680391002BC6
:107C7000BBBF5B4242F0020207930793B8BF049276
:107C800023782E2B0AD163782A2B32D1039B02341E
:107C90001A1D1B68039243EAE3730593DFF8B4A04F
:107CA000032250462178FDF77CFC38B14022049B2A
:107CB000A0EB0A00824013430134049314F8011B23
:107CC000062225488DF82810FDF76BFC002836D0D9
:107CD000224B1BBB039B073323F00703083303939B
:107CE000099B334409936AE70C4601200CFB0232DE
:107CF000A8E700234FF00A0C1946013405932046EB
:107D000010F8012B303A092A03D9002BC6D005916F
:107D1000C4E7044601230CFB0121F0E703AB009309
:107D20002A4638460E4B04A9FCF798FC421C06462E
:107D3000D6D1AB895B063FF52DAF09982CE703AB95
:107D400000932A463846064B04A9FCF725FFEDE7C9
:107D5000EB8D0008F18D0008F58D00085D460008E8
:107D6000B57A0008B1F90C20F8B5160705460C469F
:107D700054D44B68002B02DC0B6C002B48DDE66A08
:107D8000002E45D0002312F480522F68216A2B6008
:107D900030D0626DA389590705D56368D21A636B29
:107DA0000BB1236CD21A00232846E66A216AB04739
:107DB000431CA38906D129681D292BD8284ACA400B
:107DC000D60727D5002262602269D904226004D533
:107DD000421C01D12B6803B96065616B2F60B9B19A
:107DE00004F14403994202D02846FEF749FA0023E1
:107DF00063630DE001232846B0470246501CC9D1F9
:107E00002B68002BC6D01D2B01D0162B1DD12F6047
:107E1000002021E043F040031BB21AE00F69002F5D
:107E2000F6D0930718BF00230E6808BF4B69F61BF6
:107E30000F608B60002EEBDD33463A462846216A00
:107E4000D4F828C0E047002807DCB4F90C3043F030
:107E500040034FF0FF30A381F8BD0744361AE9E72D
:107E60000100402038B50B6905460C4613B90025C2
:107E7000284638BD18B1036A0BB9FDF741FAB4F9C9
:107E80000C30002BF3D0626ED00704D4990502D4D5
:107E9000A06DFDF784FB28462146FFF763FF636E64
:107EA0000546DA07E4D4A3899B05E1D4A06DFDF76C
:107EB00077FBDDE7884210B501EB020402D984426A
:107EC000234607D8431EA14208D011F8012B03F81E
:107ED000012FF8E7014602448A4200D110BD13F891
:107EE000014D02F8014DF7E710B56AB10139841868
:107EF00010F8012B11F8013F9A4203D1A04201D0A2
:107F0000002AF5D1D01A10BD1046FCE738B5002381
:107F1000054D044608462B60F9F74AFC431C02D184
:107F20002B6803B1236038BD5C0400200A449142F1
:107F300000F1FF3300D1704710B511F8014B9142A9
:107F400003F8014FF9D110BD00200149704700BF6F
:107F50000000F87F1FB514461A46094B05461B68FA
:107F6000D8684CB1074BCDE9013400912B46064946
:107F700000F0A8FB00F0B8FB044B1C46F3E700BF81
:107F800018000020048E0008118E00083F8E0008A3
:107F900070B5A1FB025434B92946FEF7E3F9064651
:107FA00028B9304670BD0C2200260260F9E72A4647
:107FB0002146FDF776FAF4E703692DE9F043B3EBC8
:107FC000611F00F114044FEA611246DD11F01F0138
:107FD00004EB830604EB82050CD1294600F110075F
:107FE000B14235D39B1A9B00EA1E964238BF00234C
:107FF000234415E0A14654F82270C1F12008CF4077
:1080000005F1040E7645F44616D89A1A9200043A01
:108010000135AE4238BF0022A318A75007B1043380
:10802000A342A3EB040208BF00234FEAA2020261AD
:1080300008BF4361BDE8F083DCF800C00CFA08FC1F
:108040004CEA070749F8047B5EF8047BCF40D9E788
:1080500051F804CB47F804CFC2E72346E0E7A0F18C
:108060003003092B02D82038C0B27047A0F1610359
:10807000052B01D84738F7E7A0F14103052B01D8BC
:108080002738F1E7002070472DE9F04F8A469046E7
:1080900085B002930B6801909C1CA14614F8010B5B
:1080A0003028FAD0A9EB0303A3F1020BFFF7D7FFA7
:1080B0000546002868D1012248469F49FFF714FF72
:1080C0000746002867D199F801002646FFF7C7FF49
:1080D000002862D0234618789946302803F101031E
:1080E000F9D0FFF7BCFFB0FA80F54FF0010B6D0936
:1080F0004A46164630780132FFF7B1FF0028F8D122
:10810000012230468C49FFF7EFFE00283FD144B9E9
:10811000741C2246164630780132FFF7A0FF002873
:10812000F8D1A41BA700337803F0DF03502B3ED116
:1081300073782B2B33D02D2B34D00024711C08786E
:10814000FFF78DFF431EDBB2182B30D8A0F11002D1
:1081500011F8010FFFF783FF00F1FF3C5FFA8CFC81
:10816000BCF1180F4FF00A031ED904B15242174454
:10817000CAF80010EDB1BBF1000F0CBF06250025B9
:10818000284605B0BDE8F08F00252C46B0E7002C4E
:10819000C7D12746C7E74E462F460125C3E700242F
:1081A000B11CCCE70124FBE703FB0200CEE731461C
:1081B000DEE72946A6EB0903013B072B0ADC019801
:1081C000FEF75CF9044640B90246E4215B4B5C488B
:1081D000FFF7C0FE01315B10EFE7002300F1140A46
:1081E00055469B46B14537D345F804BBA5EB0A0578
:1081F000AD1025615846FEF733FA6D01D8F80060DE
:108200002D1AB54254DDAD1B29462046FEF7B5FDBB
:10821000814678B14FF001096B1E59115AF82110AF
:1082200003F01F0209FA02F20A4203D04B4536DC82
:108230004FF0020929462046FFF7BEFE2F44D8F82A
:108240000830BB4242DA21460198FEF757F9002375
:108250000E9AA325136093E716F8012D2E2A12D04B
:10826000202B04D145F804BB4FF0000B5B4630785F
:108270000393FFF7F4FE039B00F00F0098404BEAD6
:10828000000B0433AEE7B145EAD8012230462A4953
:108290000393FFF729FE039B0028E1D1A2E72046C4
:1082A000A91EFEF76AFD0028C2D04FF00309C1E7FE
:1082B00009DA751B21462A460198FEF72FFB044672
:1082C0007F1B00F1140A4FF00009B8E7D8F80450FA
:1082D000BD426FDDED1BAE4234DCD8F80C30022B12
:1082E00022D0032B24D0012B15D1AE4213D1012E65
:1082F0000BD1D8F80430029A622513600123236160
:10830000CAF800300E9B1C603AE72046711EFEF74B
:1083100034FD0028EDD121460198FEF7EFF8002347
:108320000E9A502513602BE70F9B002BF3D1E0E74B
:108330000F9B002BDDD1EEE7E98D00087F8D000853
:10834000408E00086F1EB9F1000F30D127B13946B9
:108350002046FEF712FD814601232946761B0225A1
:108360007A115AF8222007F01F07BB40134220461B
:1083700018BF49F00209FFF71FFED8F80470B9F1E1
:10838000000F47D0D8F80C30022B15D0032B17D094
:10839000012B09D119F0020F06D0DAF8003049EAB2
:1083A000030919F0010F0ED145F0100532E04FF02E
:1083B0000109D1E70125E2E70F9BC3F101030F9308
:1083C0000F9B002BF0D04FF0000CD4F810B004F14C
:1083D00014034FEA8B0A03EB8B01184653F8042B66
:1083E000B2F1FF3F1BD001320260022D04F11403F1
:1083F0003CD1D8F80020013AB24209D101227111D2
:1084000053F8213006F01F0602FA06F61E423AD152
:1084100045F020050E9B1C60029B1F60B0E6994250
:1084200043F804CCD9D8A3689B4517DB6168019851
:108430000131FEF723F8814618B902468421194B11
:10844000C5E6226904F10C01023292000C30FFF7FC
:108450006DFD21460198FEF751F84C4623695A1CE0
:108460002261012204EB83035A61BEE722695A4567
:108470000BDD01212046FFF79FFDD8F808300137BA
:10848000BB42FFF6E0AE0125C2E716F01F06FAD0A8
:10849000534453F8040CFEF7E3F8C6F12006B0424B
:1084A000E7DBF0E77F8D0008C2F10802920070B5AB
:1084B000C2F120064368046803FA06F52C43D34052
:1084C000046040F8043F8842F4D370BD30B50368BF
:1084D000013311F8014B14B90360012030BD13F8CA
:1084E000012BA2F14105192D98BF2032A242F0D0F4
:1084F0000020F3E72DE9F04F00250B6882465E115E
:1085000002EB860613F01F0318BF0436371F904690
:10851000B9463C46AB4687B00168019346F8045C17
:1085200002954A784B1C039342B31046059104927E
:10853000FFF795FD002851D1049A0599202A18D8F3
:10854000029B9B4513DD4C4506D2072D04DC2A46D1
:1085500049462046FFF7A8FF444552D90023A4F11D
:10856000040944F8043C1D464C46CDF808B0039974
:10857000D7E7292A57D10231CAF80010BBF1000F02
:1085800051D04C4506D2072D04DC2A4649462046E8
:10859000FFF78AFF444536D92346A8F1040253F871
:1085A000041B9F4242F8041FF9D23B1B23F0030334
:1085B00004330134033EB44288BF04230022434401
:1085C00043F8042B9F42FBD23B681BB9474528D197
:1085D00001233B60052007B0BDE8F08F0135082D71
:1085E0000BF1010B06DD4445C1D90023012544F8F8
:1085F000043C043C226800F00F0040EA02102060B6
:10860000B5E70825B3E7019B002BDDD04FF0FF3223
:10861000C3F12003DA4056F8043C134046F8043C0A
:10862000D2E7043FD0E70420D5E782B001B901A921
:1086300042B14BB113780B601278101E18BF0120A5
:1086400002B070471046FBE76FF00100F8E72DE934
:10865000F041074614460D4621B91146BDE8F041E8
:10866000FDF780BE2AB9FDF70BFE25462846BDE87A
:10867000F08100F040F88442064602D8B4EB500F77
:10868000F4D821463846FDF76DFE804608B94546C8
:10869000ECE7B4422246294628BF3246FFF746FCA3
:1086A00029463846FDF7ECFDF1E70346084641B19F
:1086B000FF2A04D98A224FF0FF301A607047012048
:1086C0000A7070470EB403B5014603AB054853F872
:1086D000042B0068019300F03DF802B05DF804EB54
:1086E00003B0704718000020062008B500F006FA15
:1086F0000120F8F7E8FF51F8043C181F002BBCBF1D
:108700000B58C0187047936810B4013B002B93605E
:1087100007DA9469A34201DB0A2902D110BC00F0F8
:1087200031B91368581C10601970084610BC7047A6
:10873000F8B506460F461446D518AC4201D10020C4
:1087400007E03A46304614F8011BFFF7DCFF431CF4
:10875000F3D1F8BD2DE9F04F0D4614469846064674
:108760009DB018B1036A0BB9FCF7CAFD6B6ED9074F
:1087700005D4AB899A0502D4A86DFCF710FFAB892C
:108780001B0701D52B699BB92946304600F038F903
:1087900070B16B6EDC0704D54FF0FF301DB0BDE843
:1087A000F08FAB899805F7D4A86DFCF7F9FEF3E7D5
:1087B0000023099320238DF8293030234FF001093D
:1087C000CDF80C80DFF8A8818DF82A3023469A4630
:1087D00013F8012B0AB1252AF9D1BAEB040B0BD0FF
:1087E0005B46224629463046FFF7A2FF013000F0E3
:1087F000A780099A5A4409929AF80030002B00F099
:108800009F8000234FF0FF32CDE905230AF1010AD2
:10881000049307938DF853301A935446052214F8A5
:10882000011B5348FCF7BDFE049AD8B9D10644BFDA
:1088300020238DF85330130744BF2B238DF853307A
:108840009AF800302A2B15D0544600204FF00A0C1D
:10885000079A214611F8013B303B092B4BD9B0B1A7
:10886000079214E0A0EB080309FA03F31343A246AE
:108870000493D2E7039B191D1B680391002BBBBF18
:108880005B4242F0020207930793B8BF0492237839
:108890002E2B0AD163782A2B32D1039B02341A1D66
:1088A0001B68039243EAE3730593DFF8C8A0032231
:1088B00050462178FCF775FE38B14022049BA0EBAE
:1088C0000A00824013430134049314F8011B06226A
:1088D00029488DF82810FCF764FE00283FD0274B6C
:1088E0001BBB039B073323F0070308330393099B48
:1088F0003B4409936AE70C4601200CFB0232A8E7CF
:1089000000234FF00A0C194601340593204610F855
:10891000012B303A092A03D9002BC6D00591C4E7B0
:10892000044601230CFB0121F0E703AB00932A4628
:108930003046134B04A9FBF791FE0746781CD6D1AD
:108940006B6ED90705D4AB899A0502D4A86DFCF7E4
:1089500027FEAB895B063FF51FAF09981EE703AB07
:1089600000932A463046064B04A9FCF715F9E4E7C4
:10897000EB8D0008F18D0008F58D00085D460008BC
:1089800031870008F8B50E461446054618B1036A4B
:108990000BB9FCF7B5FCA369A360A3891A0701D53D
:1089A000236943B92146284600F02AF818B14FF050
:1089B000FF373846F8BD23682269F6B2981A636912
:1089C0003746834205DC21462846FFF74BFA00284C
:1089D000EDD1A368013BA36023685A1C22601E707E
:1089E0006269431C9A4204D0A389DB07E1D50A2EB1
:1089F000DFD121462846FFF735FA0028D9D0D6E73F
:108A000038B5294B054618680C4618B1036A0BB9EE
:108A1000FCF776FCB4F90C30190722D4DA0607D437
:108A200009222A6043F040034FF0FF30A38133E076
:108A3000580712D5616B41B104F14403994202D049
:108A40002846FDF71DFC00236363A38923F024035C
:108A5000A3810023636023692360A38943F0080393
:108A6000A38123694BB9A38903F42073B3F5007F75
:108A700003D02146284600F082F8B4F90C3013F0F8
:108A800001020AD00022A26062695242A2612269F8
:108A900042B913F08000C5D138BD990758BF62694B
:108AA000A260F4E70020F7E7180000201F2938B57E
:108AB00005460C4604D9162303604FF0FF3038BD3D
:108AC000C26B12B152F821304BB9284600F030F891
:108AD000224601462846BDE8384000F017B8012B71
:108AE0000AD0591C03D1162303600120E7E70021B7
:108AF000204642F8241098470020E0E7024B014648
:108B00001868FFF7D3BF00BF1800002038B5002356
:108B1000064D0446084611462B60F8F7C4FD431C79
:108B200002D12B6803B1236038BD00BF5C04002074
:108B3000F8F7B2BD70B50C46B1F90E101546002914
:108B40001E4696B00CDAA389002113F0800F14BFE3
:108B500040234FF48063002031602B6016B070BD5D
:108B60006A4600F049F80028EDDB019901F47041F4
:108B7000A1F50053594259414FF48063EBE78B89CB
:108B8000F7B59D0706460C4607D504F14703236059
:108B900023610123636103B0F0BD6A4601ABFFF7B7
:108BA000C9FF009F054639463046FDF7DBFB48B953
:108BB000B4F90C309A05EED423F0030343F002031A
:108BC000A381E2E7A389C4E9040743F08003A381FA
:108BD000019B20605BB13046B4F90E1000F01EF826
:108BE00028B1A38923F0030343F00103A381A389E0
:108BF0001D43A581CFE7000038B50023064D04468C
:108C0000084611462B60F8F7ADFD431C02D12B68D6
:108C100003B1236038BD00BF5C04002038B50023D9
:108C2000054D044608462B60F8F7ABFD431C02D106
:108C30002B6803B1236038BD5C040020F8B500BF89
:108C4000F8BC08BC9E467047F8B500BFF8BC08BC2D
:048C50009E46704785
:108C5800416363656C205B675D3A20583D252E3281
:108C68006620593D252E3266205A3D252E32662033
:108C78007C204779726F205BC2B02F735D3A205811
:108C88003D252E326620593D252E3266205A3D2537
:108C98002E32660D0A0000000000000000000000EF
:108CA800010203040607080900000000010203048A
:108CB80002030405060708090A0B0C0D0E0F101015
:108CC8000102494E4600696E66004E414E006E61D3
:108CD8006E0030003031323334353637383941425E
:108CE80043444546003031323334353637383961FC
:108CF80062636465660065256C6400496E66696E2A
:108D0800697479004E614E005245454E54206D619C
:108D18006C6C6F6320737563636565646564002FAD
:108D28006275696C642F676E752D746F6F6C732D27
:108D3800666F722D73746D33325F31332E332E723A
:108D4800656C312E32303235303532332D30393092
:108D5800302F7372632F6E65776C69622F6E65773B
:108D68006C69622F6C6962632F7374646C69622F1B
:108D780064746F612E630042616C6C6F632073755D
:108D880063636565646564002F6275696C642F6749
:108D98006E752D746F6F6C732D666F722D73746D95
:108DA80033325F31332E332E72656C312E323032CE
:108DB80035303532332D303930302F7372632F6EA2
:108DC80065776C69622F6E65776C69622F6C696272
:108DD800632F7374646C69622F6D707265632E63A0
:108DE800002E00232D302B2000686C4C0065666730
:108DF800454647004300504F534958002C2066759C
:108E08006E6374696F6E3A2000617373657274697A
:108E18006F6E2022257322206661696C65643A2092
:108E280066696C6520222573222C206C696E65208A
:108E38002564257325730A002F6275696C642F6792
:108E48006E752D746F6F6C732D666F722D73746DE4
:108E580033325F31332E332E72656C312E3230321D
:108E680035303532332D303930302F7372632F6EF1
:108E780065776C69622F6E65776C69622F6C6962C1
:108E8800632F7374646C69622F6764746F612D67F4
:108E980065746865782E63000500000019000000FD
:108EA8007D000000000000000080E03779C34143E6
:108EB800176E05B5B5B89346F5F93FE9034F384D38
:108EC800321D30F94877825A3CBF737FDD4F1575E4
:108ED800000000000000F03F0000000000002440F7
:108EE80000000000000059400000000000408F40D2
:108EF800000000000088C34000000000006AF8403D
:108F08000000000080842E4100000000D012634160
:108F18000000000084D797410000000065CDCD41D6
:108F2800000000205FA00242000000E876483742B7
:108F3800000000A2941A6D42000040E59C30A24255
:108F48000000901EC4BCD64200003426F56B0C43CA
:108F58000080E03779C3414300A0D8855734764371
:108F680000C84E676DC1AB43003D9160E458E143D2
:108F7800408CB5781DAF154450EFE2D6E41A4B4447
:108F880092D54D06CFF08044F64AE1C7022DB5448C
:108F9800B49DD9794378EA4434000000CEFBFFFF42
:108FA800CB030000010000000000000035000000B5
:108FB800CEFBFFFFCB030000010000000000000013
:108FC800BC89D897B2D29C3C33A7A8D523F6493997
:108FD8003DA7F444FD0FA5329D978CCF08BA5B25B9
:108FE800436FAC6428066811002020202020202030
:108FF8002020282828282820202020202020202041
:109008002020202020202020208810101010101050
:10901800101010101010101010040404040404049C
:109028000404041010101010101041414141414136
:109038000101010101010101010101010101010118
:109048000101010110101010101042424242424228
:1090580002020202020202020202020202020202E8
:109068000202020210101010200000000000000090
:1090780000000000000000000000000000000000E8
:1090880000000000000000000000000000000000D8
:1090980000000000000000000000000000000000C8
:1090A80000000000000000000000000000000000B8
:1090B80000000000000000000000000000000000A8
:1090C8000000000000000000000000000000000098
:1090D8000000000000000000000000000000000088
:0C90E8000000000000000000000000007C
:0890F4005C70FF7F0100000029
:0490FC003501000832
:049100001101000851
:1091040000127A00100000000100000000000000BE
:1091140003000000200300201C00002000000000C9
:109124002003002088030020F0030020000000003A
:10913400000000000000000000000000000000002B
:10914400000000000000000000000000000000001B
:10915400000000000000000000000000000000000B
:1091640000000000000000004300000000000000B8
:1091740000000000000000000000000000000000EB
:109184000000000000000000430000000000000098
:1091940000000000000000000000000000000000CB
:1091A4000000000000000000430000000000000078
:1091B40000000000000000000000000000000000AB
:1091C4000000000000000000430000000000000058
:1091D400000000000000000000000000000000008B
:1091E4000000000000000000430000000000000038
:1091F400000000000000000000000000000000006B
:109204000000000000000000430000000000000017
:10921400000000000000000000000000000000004A
:1092240000000000000000004300000000000000F7
:10923400000000000000000000000000000000002A
:109244000000000000000000AB8600082B86000828
:1092540000000000F08F0008E98D00083F8E000830
:109264003F8E00083F8E00083F8E00083F8E0008A6
:109274003F8E00083F8E00083F8E00083F8E000896
:10928400FFFFFFFFFFFFFFFFFFFFFFFFFFFF0000E8
:109294000100415343494900000000000000000060
:1092A40000000000000000000000000000000000BA
:1092B4000000415343494900000000000000000041
:1092C400000000000000000000000000000000009A
:0492D4000000000096
:0400000508001829AE
:00000001FF
